property_id,property_capacity,property_address,booking_id,check_in_date,check_out_date,base_fee,service_fee,cleaning_fee,gst,total_price,owner_id,abn,tin,dob,contact_number,email,rating,owner_location,owner_address,bank_account_name,bsb,bank_account_number,bank_name,paypal_id,iban,swift_code,order_status,final_price,final_gst
613977,7,"5275, Cape Jaffa, SA",36870622,22-06-2023,04-07-2023,1104,165.6,157.2,142.68,1569.48,98371,78 351 751 932,,28-11-1973,+61457536209,example@gmail.com,3,Australia,"5731, Coopers Creek, SA",Shannon Isbell,062631,11764381,Commonwealth Bank of Australia,Shannon.Isbell@paypal.com,,,Completed,1569.48,142.68
843430,6,"4472, Mount Enniskillen, QLD",65285684,12-01-2023,25-01-2023,1092,163.8,130.57,138.64,1525.04,60227,27 881 434 499,,01-07-1963,+61436997570,example@gmail.com,3,Australia,"3494, Nangiloc, VIC",Rachel Jennings,062334,13091663,Commonwealth Bank of Australia,Rachel.Jennings@paypal.com,,,Completed,1525.04,138.64
349284,4,"3631, Shepparton North, VIC",92367588,22-01-2023,28-01-2023,888,133.2,234.32,125.55,1381.05,30341,69 474 239 307,,28-07-1973,+61489924923,example@gmail.com,5,Australia,"6107, Cannington, WA",Christopher Swafford,062981,12733162,Commonwealth Bank of Australia,489924923@paypal.com,,,Completed,1381.05,125.55
133846,2,"2827, Biddon, NSW",68805889,17-05-2023,21-05-2023,336,50.4,90.24,47.66,524.26,26922,46 345 811 572,,09-12-1957,+61474699122,example@gmail.com,1,Australia,"5008, West Croydon, SA",Natalie Hess,062239,16785096,Commonwealth Bank of Australia,474699122@paypal.com,,,Completed,524.26,47.66
503885,6,"4570, Two Mile, QLD",52942731,10-03-2023,23-03-2023,1677,251.55,241.19,216.97,2386.67,06692,,873590541,07-02-1983,+61419847265,example@gmail.com,3,Australia,"2477, Alstonville, NSW",Joseph Drew,062616,12774870,Commonwealth Bank of Australia,419847265@paypal.com,,,Completed,2386.67,216.97
123053,6,"2549, Greigs Flat, NSW",89748167,20-04-2023,03-05-2023,1521,228.15,182.26,193.14,2124.54,77210,81 284 657 815,,12-01-1940,+61426490584,example@gmail.com,10,Australia,"4420, Taroom, QLD",Mary Taylor,062693,13124114,Commonwealth Bank of Australia,426490584@paypal.com,,,Completed,2124.54,193.14
598194,8,"4520, Closeburn, QLD",63714403,24-04-2023,08-05-2023,1358,203.7,178.14,173.98,1913.78,77819,27 314 264 419,,26-05-1953,+61434082132,example@gmail.com,5,Australia,"4570, Goomboorian, QLD",Lois Johnson,062870,16197868,Commonwealth Bank of Australia,Lois.Johnson@paypal.com,,,Partially Refunded,1422.74,129.34
711818,5,"5960, Garden Island, SA",11429524,09-04-2023,15-04-2023,660,99.0,216.46,97.55,1073.05,33782,30 330 718 210,,16-02-1994,+61467847159,example@gmail.com,0,Australia,"5320, Beatty, SA",Thaddeus Nelson,062358,16063644,Commonwealth Bank of Australia,467847159@paypal.com,,,Completed,1073.05,97.55
636346,3,"2262, Blue Haven, NSW",26318704,24-01-2023,30-01-2023,564,84.6,147.02,79.56,875.16,24617,,128153938,20-02-1995,+61446698124,example@gmail.com,9,New Zealand,"Auckland, NZ",Michael Jarrett,,,ANZ Bank,,AU,CTBAAU2S,Completed,875.16,79.56
145357,5,"2873, Tottenham, NSW",40995059,01-01-2023,10-01-2023,495,74.25,57.12,62.64,689.04,69686,62 556 686 907,,16-06-1996,+61496530703,example@gmail.com,4,Australia,"3925, Cape Woolamai, VIC",Keith Fann,062752,12147626,Commonwealth Bank of Australia,496530703@paypal.com,,,Completed,689.04,62.64
304900,8,"3013, Yarraville, VIC",40454401,23-03-2023,05-04-2023,1287,193.05,147.28,162.73,1790.03,37791,,680861087,30-08-1943,+61443851513,example@gmail.com,6,Australia,"5454, Washpool, SA",Alisha Myers,062391,18049812,Commonwealth Bank of Australia,Alisha.Myers@paypal.com,,,Cancelled,0.0,0.0
298594,6,"5037, Netley, SA",49819882,18-02-2023,01-03-2023,1166,174.9,134.33,147.52,1622.72,37288,71 926 473 131,,15-11-1983,+61460346006,example@gmail.com,1,Australia,"5602, Lucky Bay, SA",Alex Lehrke,062295,18852247,Commonwealth Bank of Australia,Alex.Lehrke@paypal.com,,,Completed,1622.72,147.52
349528,3,"3758, Heathcote Junction, VIC",32516245,07-02-2023,19-02-2023,1200,180.0,179.14,155.91,1715.01,09573,25 202 707 374,,06-01-1991,+61461716496,example@gmail.com,2,Australia,"2756, South Maroota, NSW",Charles Bernstein,062936,18107313,Commonwealth Bank of Australia,Charles.Bernstein@paypal.com,,,Completed,1715.01,155.91
436465,6,"4670, Oakwood, QLD",12696354,28-04-2023,03-05-2023,440,66.0,85.12,59.11,650.21,35275,74 918 363 323,,24-12-1948,+61467517157,example@gmail.com,3,Australia,"2575, Aylmerton, NSW",Michael Gonzalez,062533,16437887,Commonwealth Bank of Australia,,,,Cancelled,0.0,0.0
606693,4,"6321, Cranbrook, WA",88054289,28-03-2023,12-04-2023,1650,247.5,173.33,207.08,2277.88,88390,,784845619,31-07-1964,+61477533514,example@gmail.com,8,Australia,"4870, Kanimbla, QLD",Cheryl Reed,062301,12868202,Commonwealth Bank of Australia,477533514@paypal.com,,,Completed,2277.88,207.08
157931,2,"5042, St Marys, SA",98277837,26-05-2023,28-05-2023,260,39.0,240.87,53.99,593.89,86591,69 315 639 614,,30-12-1990,+61441208932,example@gmail.com,7,Australia,"2355, Watsons Creek, NSW",Tonya Birch,062793,13169843,Commonwealth Bank of Australia,441208932@paypal.com,,,Completed,593.89,53.99
415106,4,"2283, Ryhope, NSW",28797664,01-05-2023,10-05-2023,1269,190.35,204.06,166.34,1829.74,45453,29 154 457 115,,04-07-1961,+61452298239,example@gmail.com,7,Australia,"2875, Ootha, NSW",David Castillo,062202,19048919,Commonwealth Bank of Australia,David.Castillo@paypal.com,,,Completed,1829.74,166.34
883181,3,"3085, Macleod West, VIC",11784737,29-03-2023,04-04-2023,816,122.4,176.51,111.49,1226.39,32227,53 974 725 561,,21-06-1940,+61489947959,example@gmail.com,3,New Zealand,"Auckland, NZ",Leah Lueck,,,ANZ Bank,,AU,CTBAAU2S,Refunded,0.0,0.0
539113,5,"6472, Bimbijy, WA",70781034,22-05-2023,26-05-2023,632,94.8,134.78,86.16,947.76,90559,94 755 638 936,,28-03-1958,+61425701563,example@gmail.com,5,New Zealand,"Auckland, NZ",Holly Post,,,ANZ Bank,,AU,CTBAAU2S,Completed,947.76,86.16
768788,8,"4880, Mareeba, QLD",96315248,21-03-2023,02-04-2023,1740,261.0,181.29,218.23,2400.53,82363,24 118 355 979,,07-09-1988,+61467563845,example@gmail.com,0,Australia,"2560, Appin, NSW",Tom Ross,062442,12664757,Commonwealth Bank of Australia,467563845@paypal.com,,,Completed,2400.53,218.23
201679,4,"3025, Altona East, VIC",21143588,12-04-2023,18-04-2023,666,99.9,111.45,87.74,965.14,47358,11 927 930 690,,01-09-1991,+61482182082,example@gmail.com,0,Australia,"2787, The Meadows, NSW",Wanda Reader,062881,19886771,Commonwealth Bank of Australia,482182082@paypal.com,,,Partially Refunded,833.69,75.79
571949,3,"4413, Hopeland, QLD",55127913,14-01-2023,24-01-2023,1390,208.5,131.6,173.01,1903.11,11902,20 334 102 875,,10-11-1995,+61431693707,example@gmail.com,3,Australia,"3517, Rheola, VIC",Kimberly Treat,062736,16942283,Commonwealth Bank of Australia,Kimberly.Treat@paypal.com,,,Completed,1903.11,173.01
509555,4,"2794, Westville, NSW",42543604,12-03-2023,24-03-2023,780,117.0,64.1,96.11,1057.21,03811,,995990785,18-04-1956,+61468505650,example@gmail.com,6,Australia,"2623, Captains Flat, NSW",Bonita Rogers,062845,13769896,Commonwealth Bank of Australia,468505650@paypal.com,,,Cancelled,0.0,0.0
866915,2,"7263, Alberton, TAS",76249792,24-01-2023,03-02-2023,640,96.0,60.84,79.68,876.48,18926,68 207 721 719,,26-08-1971,+61485737473,example@gmail.com,7,Australia,"5540, Napperby, SA",Sherri Cerza,062962,17309586,Commonwealth Bank of Australia,485737473@paypal.com,,,Cancelled,0.0,0.0
531444,6,"6041, Wilbinga, WA",78978997,13-03-2023,14-03-2023,79,11.85,133.66,22.45,246.95,21806,,710209594,13-12-1983,+61487388001,example@gmail.com,7,Australia,"2474, Upper Horseshoe Creek, NSW",Cherly Winks,062570,17729559,Commonwealth Bank of Australia,Cherly.Winks@paypal.com,,,Completed,246.95,22.45
804292,7,"6275, Barrabup, WA",37265411,05-05-2023,10-05-2023,480,72.0,126.0,67.8,745.8,11249,71 767 672 528,,16-05-1958,+61477423791,example@gmail.com,1,Australia,"2229, Lilli Pilli, NSW",Erma Stewart,062706,17989135,Commonwealth Bank of Australia,Erma.Stewart@paypal.com,,,Completed,745.8,67.8
213567,2,"4815, Gumlow, QLD",63502246,30-01-2023,14-02-2023,2040,306.0,196.15,254.22,2796.42,40900,,628260277,29-08-1952,+61469143139,example@gmail.com,8,Australia,"2320, Rutherford, NSW",Tommy Morin,062139,15245670,Commonwealth Bank of Australia,469143139@paypal.com,,,Completed,2796.42,254.22
143296,7,"4401, Sabine, QLD",20850749,08-06-2023,21-06-2023,819,122.85,114.89,105.67,1162.37,14446,12 842 205 671,,05-04-1998,+61489950835,example@gmail.com,4,Australia,"7320, Camdale, TAS",Michelle Simmons,062496,18845591,Commonwealth Bank of Australia,,,,Completed,1162.37,105.67
908318,4,"5481, Bangor, SA",64615870,16-04-2023,20-04-2023,392,58.8,95.92,54.67,601.37,37862,,823009357,23-10-1985,+61440074304,example@gmail.com,3,Australia,"7321, Natone, TAS",Aletha Holliday,062871,13203155,Commonwealth Bank of Australia,440074304@paypal.com,,,Completed,601.37,54.67
045913,2,"4740, Munbura, QLD",76709557,08-03-2023,19-03-2023,1386,207.9,164.52,175.84,1934.24,28150,92 161 380 322,,24-05-1961,+61469935500,example@gmail.com,3,New Zealand,"Auckland, NZ",Martin Smith,,,ANZ Bank,,AU,CTBAAU2S,Completed,1934.24,175.84
629459,8,"4014, Virginia DC, QLD",94958565,12-04-2023,18-04-2023,276,41.4,67.64,38.5,423.5,05561,92 520 426 546,,02-04-1944,+61420822041,example@gmail.com,9,Australia,"2710, Pretty Pine, NSW",George Fales,062938,17842617,Commonwealth Bank of Australia,George.Fales@paypal.com,,,Completed,423.5,38.5
644750,2,"3281, Woodford, VIC",95245762,05-02-2023,16-02-2023,968,145.2,109.96,122.32,1345.52,08493,33 988 964 816,,31-10-1980,+61420742749,example@gmail.com,4,New Zealand,"Auckland, NZ",Joseph Matier,,,ANZ Bank,,AU,CTBAAU2S,Completed,1345.52,122.32
567901,4,"2337, Kars Springs, NSW",11902880,24-02-2023,25-02-2023,102,15.3,192.61,30.99,340.89,07993,34 631 293 727,,22-05-1974,+61473516211,example@gmail.com,0,Australia,"2447, Wirrimbi, NSW",Bruce Broussard,062200,11252868,Commonwealth Bank of Australia,473516211@paypal.com,,,Refunded,0.0,0.0
405720,8,"3268, Nirranda East, VIC",91351663,29-04-2023,14-05-2023,705,105.75,80.77,89.15,980.65,65138,78 220 352 684,,20-06-1999,+61464723473,example@gmail.com,1,New Zealand,"Auckland, NZ",John Salazar,,,ANZ Bank,,AU,CTBAAU2S,Completed,980.65,89.15
112774,8,"3691, Huon Creek, VIC",77641943,04-06-2023,19-06-2023,2070,310.5,263.03,264.35,2907.85,78960,15 591 587 575,,19-12-1965,+61461509698,example@gmail.com,7,Australia,"2823, Dandaloo, NSW",David Park,062306,13161783,Commonwealth Bank of Australia,461509698@paypal.com,,,Completed,2907.85,264.35
038285,4,"2170, Casula, NSW",85706422,28-04-2023,06-05-2023,1176,176.4,262.5,161.49,1776.39,02393,51 983 232 474,,27-10-1969,+61414074251,example@gmail.com,3,Australia,"4871, Cowley, QLD",Mark Jolissaint,062321,18678310,Commonwealth Bank of Australia,414074251@paypal.com,,,Completed,1776.39,161.49
821554,8,"2905, Bonython, ACT",23930802,18-03-2023,28-03-2023,1300,195.0,113.02,160.8,1768.8,01954,65 347 285 361,,22-10-1980,+61475209097,example@gmail.com,7,New Zealand,"Auckland, NZ",Anna Johannes,,,ANZ Bank,,AU,CTBAAU2S,Cancelled,0.0,0.0
606789,6,"2558, Eagle Vale, NSW",77056719,26-03-2023,30-03-2023,556,83.4,142.37,78.18,859.98,05996,60 426 175 435,,01-11-1977,+61454511340,example@gmail.com,10,Australia,"2570, Cawdor, NSW",Janelle Little,062876,14198690,Commonwealth Bank of Australia,,,,Completed,859.98,78.18
632511,4,"6056, Midland, WA",56387963,20-03-2023,21-03-2023,51,7.65,43.08,10.17,111.87,58883,,327250369,29-09-1940,+61418730933,example@gmail.com,10,Australia,"4700, The Range, QLD",Robert Farmer,062205,11341044,Commonwealth Bank of Australia,Robert.Farmer@paypal.com,,,Completed,111.87,10.17
481485,6,"2340, Calala, NSW",35565438,25-04-2023,30-04-2023,745,111.75,168.46,102.52,1127.72,95537,,566815375,03-01-1972,+61452627968,example@gmail.com,10,Australia,"3875, Bullumwaal, VIC",Melissa Bryon,062191,19041820,Commonwealth Bank of Australia,452627968@paypal.com,,,Refunded,0.0,0.0
243955,3,"4306, Taromeo, QLD",20785599,11-03-2023,12-03-2023,69,10.35,129.09,20.84,229.24,96490,10 969 843 208,,18-01-1991,+61413689081,example@gmail.com,4,Australia,"4551, Meridan Plains, QLD",Barbara Guerrero,062596,17617756,Commonwealth Bank of Australia,Barbara.Guerrero@paypal.com,,,Cancelled,0.0,0.0
853262,6,"5259, Tailem Bend, SA",79391222,22-02-2023,28-02-2023,594,89.1,163.32,84.64,931.04,67522,88 815 807 628,,28-10-1988,+61443793491,example@gmail.com,6,New Zealand,"Auckland, NZ",Tony Harris,,,ANZ Bank,,AU,CTBAAU2S,Completed,931.04,84.64
102813,4,"6017, Osborne Park DC, WA",15802819,03-05-2023,10-05-2023,798,119.7,214.24,113.19,1245.09,49429,28 216 409 196,,19-08-1970,+61415396422,example@gmail.com,9,Australia,"3898, Omeo, VIC",Sonia Winkler,062546,12476903,Commonwealth Bank of Australia,Sonia.Winkler@paypal.com,,,Completed,1245.09,113.19
498388,8,"7315, Nietta, TAS",25804440,21-05-2023,02-06-2023,1128,169.2,99.34,139.65,1536.15,89783,,461518561,11-01-1965,+61438734910,example@gmail.com,7,Australia,"4626, Hawkwood, QLD",Miguel Price,062466,19787113,Commonwealth Bank of Australia,438734910@paypal.com,,,Completed,1536.15,139.65
281154,4,"4346, Marburg, QLD",43508958,24-03-2023,30-03-2023,492,73.8,69.34,63.51,698.61,63661,99 568 501 120,,09-04-1998,+61442990582,example@gmail.com,4,New Zealand,"Auckland, NZ",Harold Mayberry,,,ANZ Bank,,AU,CTBAAU2S,Completed,698.61,63.51
363808,3,"5550, Nantawarra, SA",58650751,04-05-2023,08-05-2023,520,78.0,230.34,82.83,911.13,21580,93 987 703 127,,03-06-1981,+61423758798,example@gmail.com,7,Australia,"3825, Walhalla East, VIC",Robert Steinberg,062223,14715936,Commonwealth Bank of Australia,423758798@paypal.com,,,Completed,911.13,82.83
063258,6,"2460, Tyndale, NSW",88781880,10-05-2023,24-05-2023,1162,174.3,135.55,147.19,1619.09,41779,13 320 228 781,,16-05-1946,+61435019867,example@gmail.com,10,Australia,"2330, Glendon, NSW",Lisa Miranda,062208,13902334,Commonwealth Bank of Australia,435019867@paypal.com,,,Completed,1619.09,147.19
895641,7,"2446, Doyles River, NSW",95153570,08-01-2023,10-01-2023,228,34.2,106.84,36.9,405.9,86144,47 974 193 235,,24-12-1974,+61476565797,example@gmail.com,5,Australia,"4700, Depot Hill, QLD",Michelle Lewis,062255,14172088,Commonwealth Bank of Australia,476565797@paypal.com,,,Completed,405.9,36.9
977197,6,"4741, Eton North, QLD",21013911,14-04-2023,15-04-2023,83,12.45,152.92,24.84,273.24,27796,19 755 399 961,,30-04-1947,+61472325784,example@gmail.com,4,Australia,"2787, Mount Werong, NSW",Douglas Banister,062755,16451653,Commonwealth Bank of Australia,Douglas.Banister@paypal.com,,,Partially Refunded,230.01,20.91
256711,5,"2265, Martinsville, NSW",79765828,06-02-2023,11-02-2023,600,90.0,185.52,87.55,963.05,03778,78 609 819 806,,21-08-1948,+61467467040,example@gmail.com,2,Australia,"7173, Forcett, TAS",Tina Steiner,062370,19361663,Commonwealth Bank of Australia,467467040@paypal.com,,,Refunded,0.0,0.0
547094,6,"3381, Fyans Creek, VIC",10331172,03-01-2023,15-01-2023,660,99.0,98.73,85.77,943.47,98375,54 589 252 899,,31-01-1978,+61450366355,example@gmail.com,0,Australia,"2795, Llanarth, NSW",Billy Carson,062730,12064763,Commonwealth Bank of Australia,Billy.Carson@paypal.com,,,Refunded,0.0,0.0
307204,3,"5320, Stuart, SA",22929984,08-05-2023,16-05-2023,640,96.0,90.62,82.66,909.26,44317,40 582 528 720,,30-08-1953,+61478995488,example@gmail.com,9,Australia,"2447, Wirrimbi, NSW",Henrietta Olson,062194,16898566,Commonwealth Bank of Australia,,,,Completed,909.26,82.66
333767,2,"2575, Renwick, NSW",63701563,07-05-2023,18-05-2023,1661,249.15,288.59,219.87,2418.57,75247,34 523 944 395,,01-08-1962,+61452094603,example@gmail.com,3,Australia,"6225, Lyalls Mill, WA",Ross Pena,062249,12357237,Commonwealth Bank of Australia,Ross.Pena@paypal.com,,,Completed,2418.57,219.87
331519,7,"6462, Ucarty, WA",45706752,15-02-2023,20-02-2023,230,34.5,39.5,30.4,334.4,71558,36 767 145 201,,16-01-1951,+61413098151,example@gmail.com,1,Australia,"5109, Salisbury Park, SA",Francis Morgan,062105,16695386,Commonwealth Bank of Australia,Francis.Morgan@paypal.com,,,Completed,334.4,30.4
109817,2,"9023, Brisbane GPO Boxes, QLD",25818644,26-03-2023,05-04-2023,1550,232.5,216.57,199.91,2199.01,53726,,953285038,06-04-1976,+61458772552,example@gmail.com,8,Australia,"6153, Canning Bridge Applecross, WA",Raymond Stinnett,062554,17701117,Commonwealth Bank of Australia,Raymond.Stinnett@paypal.com,,,Refunded,0.0,0.0
989725,2,"2336, Aberdeen, NSW",76316289,23-01-2023,07-02-2023,2355,353.25,307.31,301.56,3317.16,19497,13 801 269 481,,28-09-1983,+61410515263,example@gmail.com,8,Australia,"4492, Norley, QLD",Sharon Spain,062252,19461958,Commonwealth Bank of Australia,Sharon.Spain@paypal.com,,,Partially Refunded,2872.87,261.17
357296,7,"5322, Ramco, SA",20584793,18-05-2023,31-05-2023,1144,171.6,129.91,144.55,1590.05,70650,67 198 329 616,,29-10-1990,+61428394386,example@gmail.com,8,Australia,"2214, Milperra, NSW",Gail Albrecht,062751,18034404,Commonwealth Bank of Australia,Gail.Albrecht@paypal.com,,,Completed,1590.05,144.55
142565,6,"4305, Moores Pocket, QLD",13438401,11-04-2023,15-04-2023,240,36.0,108.17,38.42,422.62,37540,28 389 814 466,,04-10-1993,+61489453051,example@gmail.com,1,Australia,"4275, Sarabah, QLD",Melvin Orem,062679,16751134,Commonwealth Bank of Australia,Melvin.Orem@paypal.com,,,Completed,422.62,38.42
222205,2,"3670, Tarnook, VIC",97446140,23-01-2023,26-01-2023,447,67.05,295.01,80.91,890.01,60405,89 297 996 919,,12-01-1960,+61425944578,example@gmail.com,10,Australia,"6280, Tutunup, WA",Randall Sharp,062417,18822930,Commonwealth Bank of Australia,425944578@paypal.com,,,Completed,890.01,80.91
154470,7,"6288, Nillup, WA",72182507,12-05-2023,15-05-2023,414,62.1,205.0,68.11,749.21,42200,98 765 569 928,,13-09-1979,+61423630787,example@gmail.com,6,Australia,"2539, Conjola, NSW",Louis Leon,062236,19091849,Commonwealth Bank of Australia,423630787@paypal.com,,,Completed,749.21,68.11
282423,7,"6324, Denbarker, WA",13427004,13-05-2023,23-05-2023,780,117.0,84.15,98.12,1079.32,32880,67 148 672 567,,21-05-1994,+61415198415,example@gmail.com,5,Australia,"4306, Avoca Vale, QLD",Norma Wohner,062615,12892193,Commonwealth Bank of Australia,,,,Completed,1079.32,98.12
845481,3,"3825, Coopers Creek, VIC",46811599,06-02-2023,18-02-2023,480,72.0,64.8,61.68,678.48,56191,18 540 716 426,,18-02-1996,+61429562103,example@gmail.com,8,Australia,"2628, Paupong, NSW",Leona Fennell,062536,13377550,Commonwealth Bank of Australia,,,,Completed,678.48,61.68
668741,4,"4343, Caffey, QLD",48851276,29-05-2023,31-05-2023,112,16.8,85.62,21.44,235.84,67668,88 666 231 109,,29-09-1996,+61483245269,example@gmail.com,2,Australia,"6468, Petrudor, WA",Jimmy Morehead,062535,19853788,Commonwealth Bank of Australia,483245269@paypal.com,,,Completed,235.84,21.44
981521,8,"2632, Mount Darragh, NSW",54564456,03-05-2023,05-05-2023,160,24.0,114.21,29.82,328.02,85301,93 793 471 252,,08-06-1954,+61486418175,example@gmail.com,2,Australia,"7301, Liffey, TAS",Ernest Calhoun,062687,13446032,Commonwealth Bank of Australia,486418175@paypal.com,,,Completed,328.02,29.82
768931,3,"4565, North Shore, QLD",75366658,21-06-2023,05-07-2023,602,90.3,66.91,75.92,835.12,14284,80 263 645 271,,22-09-1999,+61460412606,example@gmail.com,2,Australia,"2028, Double Bay, NSW",Matthew Lucero,062778,11373445,Commonwealth Bank of Australia,Matthew.Lucero@paypal.com,,,Completed,835.12,75.92
666302,4,"3512, Panitya, VIC",17012178,09-03-2023,21-03-2023,1764,264.6,255.17,228.38,2512.18,13357,72 509 644 824,,13-11-1970,+61437273966,example@gmail.com,4,Australia,"9016, Brisbane GPO Boxes, QLD",Brandon Campbell,062518,13099839,Commonwealth Bank of Australia,,,,Refunded,0.0,0.0
919723,8,"5068, St Morris, SA",64241477,18-04-2023,21-04-2023,387,58.05,210.23,65.53,720.83,63877,,479624118,16-03-1943,+61419094117,example@gmail.com,9,Australia,"4700, The Keppels, QLD",John Taylor,062177,17312033,Commonwealth Bank of Australia,,,,Completed,720.83,65.53
595132,7,"2791, Carcoar, NSW",42980051,14-01-2023,27-01-2023,1300,195.0,144.61,163.96,1803.56,42871,,837011315,20-07-1965,+61426279712,example@gmail.com,7,Australia,"8070, Melbourne, VIC",Lavern Thompson,062622,12914002,Commonwealth Bank of Australia,426279712@paypal.com,,,Completed,1803.56,163.96
765417,7,"822, Thamarrurr, NT",30752503,18-03-2023,22-03-2023,180,27.0,72.09,27.91,307.01,84201,79 801 642 741,,20-01-1968,+61452011342,example@gmail.com,4,New Zealand,"Auckland, NZ",Aura Bernhardt,,,ANZ Bank,,AU,CTBAAU2S,Refunded,0.0,0.0
049858,8,"3271, Dundonnell, VIC",24434868,21-02-2023,07-03-2023,1344,201.6,174.0,171.96,1891.56,44575,86 536 558 392,,12-09-1940,+61490880869,example@gmail.com,9,Australia,"6443, Balladonia, WA",David Dumlao,062345,16924599,Commonwealth Bank of Australia,,,,Completed,1891.56,171.96
621862,5,"3727, Pelluebla, VIC",68836159,30-04-2023,10-05-2023,1320,198.0,235.22,175.32,1928.52,29991,97 549 641 948,,25-05-1998,+61496686011,example@gmail.com,1,Australia,"2429, Krambach, NSW",Kenneth Kittelberger,062949,15004905,Commonwealth Bank of Australia,496686011@paypal.com,,,Refunded,0.0,0.0
106798,2,"3384, Landsborough West, VIC",64154910,15-03-2023,19-03-2023,404,60.6,83.12,54.77,602.47,72447,60 217 564 243,,15-12-1982,+61433698957,example@gmail.com,1,Australia,"4357, The Pines, QLD",Carmen Harrington,062553,12509363,Commonwealth Bank of Australia,Carmen.Harrington@paypal.com,,,Completed,602.47,54.77
421101,2,"2775, Marlow, NSW",17309301,30-03-2023,05-04-2023,450,67.5,149.98,66.75,734.25,60720,72 500 704 486,,03-07-1978,+61487366018,example@gmail.com,3,Australia,"6156, Willagee Central, WA",Christopher Howard,062710,17883612,Commonwealth Bank of Australia,487366018@paypal.com,,,Completed,734.25,66.75
877804,7,"4344, Helidon Spa, QLD",29726301,17-04-2023,19-04-2023,260,39.0,108.13,40.71,447.81,14396,,874717688,06-12-1992,+61456372263,example@gmail.com,4,Australia,"4551, Caloundra, QLD",Margaret Leong,062895,12518927,Commonwealth Bank of Australia,Margaret.Leong@paypal.com,,,Completed,447.81,40.71
772498,3,"4719, Glenmoral, QLD",93411723,09-01-2023,14-01-2023,545,81.75,121.95,74.87,823.57,22607,86 576 736 459,,07-05-1981,+61454132066,example@gmail.com,3,New Zealand,"Auckland, NZ",John Fuchs,,,ANZ Bank,,AU,CTBAAU2S,Completed,823.57,74.87
339694,8,"3669, Gowangardie, VIC",77991497,08-06-2023,12-06-2023,348,52.2,136.41,53.66,590.26,92724,82 403 692 575,,14-02-1945,+61490731025,example@gmail.com,8,Australia,"6025, Kallaroo, WA",Donna Dearing,062948,11375310,Commonwealth Bank of Australia,Donna.Dearing@paypal.com,,,Partially Refunded,344.3,31.3
729620,8,"3437, Gisborne, VIC",59679944,06-01-2023,11-01-2023,415,62.25,73.8,55.1,606.1,06766,,254904032,30-12-1962,+61469554591,example@gmail.com,7,Australia,"3616, Mooroopna North West, VIC",Deborah Chery,062424,18691748,Commonwealth Bank of Australia,469554591@paypal.com,,,Partially Refunded,523.16,47.56
638672,5,"5690, Penong, SA",34087518,29-03-2023,07-04-2023,1251,187.65,228.45,166.71,1833.81,28334,72 600 350 455,,29-03-1956,+61442672455,example@gmail.com,5,New Zealand,"Auckland, NZ",Raymond Hoppes,,,ANZ Bank,,AU,CTBAAU2S,Completed,1833.81,166.71
944315,2,"3875, Wy Yung, VIC",69298836,30-01-2023,10-02-2023,1254,188.1,138.84,158.09,1738.99,67767,16 509 998 366,,03-10-1995,+61495705168,example@gmail.com,6,Australia,"5464, Condowie, SA",Chasity Moreno,062992,15014034,Commonwealth Bank of Australia,Chasity.Moreno@paypal.com,,,Completed,1738.99,158.09
518961,6,"6260, Yeagarup, WA",34263790,08-02-2023,09-02-2023,56,8.4,100.16,16.46,181.06,27182,10 474 120 943,,02-08-1974,+61490900122,example@gmail.com,1,Australia,"4520, Yugar, QLD",Lela Brewton,062779,14202315,Commonwealth Bank of Australia,490900122@paypal.com,,,Completed,181.06,16.46
148695,2,"6430, West Kalgoorlie, WA",27623107,31-05-2023,09-06-2023,567,85.05,69.81,72.19,794.09,17882,,763640546,15-06-1989,+61447907484,example@gmail.com,2,Australia,"2195, Lakemba, NSW",Daniel Beauford,062832,13094441,Commonwealth Bank of Australia,Daniel.Beauford@paypal.com,,,Partially Refunded,471.9,42.9
671767,7,"4309, Charlwood, QLD",60170543,15-02-2023,28-02-2023,1079,161.85,153.27,139.41,1533.51,73197,37 648 391 822,,04-12-1999,+61460973716,example@gmail.com,6,Australia,"2473, Bundjalung, NSW",Marilyn Malinsky,062932,17668348,Commonwealth Bank of Australia,,,,Completed,1533.51,139.41
808875,7,"6623, Gutha, WA",26826129,25-05-2023,26-05-2023,153,22.95,162.2,33.81,371.91,88653,,757036587,27-03-1952,+61453610156,example@gmail.com,10,Australia,"4507, Banksia Beach, QLD",Dorothy Saez,062464,16601817,Commonwealth Bank of Australia,453610156@paypal.com,,,Refunded,0.0,0.0
831304,4,"2630, Shannons Flat, NSW",96102222,29-05-2023,30-05-2023,108,16.2,127.66,25.19,277.09,55168,44 955 447 251,,26-11-1987,+61425873039,example@gmail.com,1,Australia,"3727, Lake Rowan, VIC",Maxwell Glover,062742,12699897,Commonwealth Bank of Australia,Maxwell.Glover@paypal.com,,,Completed,277.09,25.19
892969,3,"4702, Midgee, QLD",50599150,15-04-2023,25-04-2023,580,87.0,110.19,77.72,854.92,60658,80 745 576 146,,24-03-1998,+61457369096,example@gmail.com,9,Australia,"2747, Claremont Meadows, NSW",Jewell Bienenstock,062763,18857434,Commonwealth Bank of Australia,Jewell.Bienenstock@paypal.com,,,Refunded,0.0,0.0
573838,7,"7304, Weetah, TAS",33479275,08-05-2023,20-05-2023,1296,194.4,91.27,158.17,1739.87,30347,21 173 826 470,,07-09-1968,+61442211443,example@gmail.com,3,Australia,"2259, Ravensdale, NSW",Blanche Elizondo,062200,16716094,Commonwealth Bank of Australia,442211443@paypal.com,,,Completed,1739.87,158.17
057876,3,"4625, Mount Lawless, QLD",20376959,20-01-2023,04-02-2023,2220,333.0,170.87,272.39,2996.29,55230,62 921 639 833,,02-08-1964,+61422195680,example@gmail.com,8,New Zealand,"Auckland, NZ",Edward Breen,,,ANZ Bank,,AU,CTBAAU2S,Refunded,0.0,0.0
869672,5,"5014, Alberton, SA",44148065,16-06-2023,22-06-2023,852,127.8,203.0,118.28,1301.08,82994,44 238 651 853,,05-06-1969,+61453064658,example@gmail.com,8,Australia,"4570, Calgoa, QLD",Elizabeth Hamilton,062621,13375823,Commonwealth Bank of Australia,453064658@paypal.com,,,Completed,1301.08,118.28
252670,8,"4625, Humphery, QLD",42663471,09-01-2023,20-01-2023,627,94.05,110.65,83.17,914.87,30227,28 243 480 328,,27-06-1999,+61416472149,example@gmail.com,4,Australia,"3064, Mickleham, VIC",Mindy Newell,062360,14621373,Commonwealth Bank of Australia,416472149@paypal.com,,,Cancelled,0.0,0.0
072325,7,"6532, Sandsprings, WA",91622973,08-03-2023,12-03-2023,588,88.2,124.6,80.08,880.88,67620,48 813 918 432,,12-12-1988,+61483902014,example@gmail.com,8,Australia,"2774, Warrimoo, NSW",Isabel Stewart,062760,18211759,Commonwealth Bank of Australia,483902014@paypal.com,,,Completed,880.88,80.08
376092,4,"2380, Coocooboonah, NSW",18083981,01-03-2023,11-03-2023,1450,217.5,213.1,188.06,2068.66,64572,15 130 759 255,,17-03-1963,+61453841213,example@gmail.com,6,Australia,"6332, Albany, WA",Albert Gibson,062158,18162126,Commonwealth Bank of Australia,Albert.Gibson@paypal.com,,,Completed,2068.66,188.06
375048,8,"2452, Sawtell, NSW",27061492,17-02-2023,19-02-2023,242,36.3,183.13,46.14,507.54,90316,73 963 279 658,,24-12-1949,+61416714762,example@gmail.com,1,Australia,"2538, Woodstock, NSW",Scarlett Trumbore,062581,14567666,Commonwealth Bank of Australia,Scarlett.Trumbore@paypal.com,,,Completed,507.54,46.14
061419,2,"4305, Churchill, QLD",54995230,23-02-2023,04-03-2023,675,101.25,60.35,83.66,920.26,74800,95 222 427 629,,07-10-1984,+61486794347,example@gmail.com,0,Australia,"4211, Mount Nathan, QLD",Douglas Roland,062673,16709871,Commonwealth Bank of Australia,Douglas.Roland@paypal.com,,,Completed,920.26,83.66
912834,4,"5271, Marcollat, SA",89975881,08-05-2023,10-05-2023,236,35.4,213.73,48.51,533.61,85509,,657069499,04-10-1949,+61422746622,example@gmail.com,6,Australia,"3559, Burramboot, VIC",Patricia Monzon,062255,15744035,Commonwealth Bank of Australia,Patricia.Monzon@paypal.com,,,Completed,533.61,48.51
123652,6,"3444, Kyneton South, VIC",28139443,21-02-2023,27-02-2023,480,72.0,72.37,62.44,686.84,15455,61 961 865 351,,27-07-1963,+61454003267,example@gmail.com,3,Australia,"4671, Nearum, QLD",Mark Horrigan,062759,16301293,Commonwealth Bank of Australia,454003267@paypal.com,,,Completed,686.84,62.44
178355,4,"2540, Berrara, NSW",37487995,07-03-2023,18-03-2023,1628,244.2,174.54,204.67,2251.37,53139,48 220 398 656,,24-08-1947,+61481935515,example@gmail.com,3,Australia,"2849, Mount Marsden, NSW",Jennie Leland,062891,16052304,Commonwealth Bank of Australia,,,,Completed,2251.37,204.67
825134,3,"6286, Forest Grove, WA",27541893,11-01-2023,14-01-2023,249,37.35,98.04,38.44,422.84,88633,63 101 242 450,,10-07-1980,+61452206731,example@gmail.com,2,Australia,"6720, Point Samson, WA",David Sledge,062358,13081397,Commonwealth Bank of Australia,David.Sledge@paypal.com,,,Completed,422.84,38.44
962143,3,"7291, Carrick, TAS",21439663,05-02-2023,12-02-2023,1057,158.55,168.49,138.4,1522.4,21525,,353952632,27-08-1941,+61428867833,example@gmail.com,2,New Zealand,"Auckland, NZ",Saul Ray,,,ANZ Bank,,AU,CTBAAU2S,Completed,1522.4,138.4
695308,3,"7150, Simpsons Bay, TAS",80400160,07-05-2023,20-05-2023,871,130.65,83.62,108.53,1193.83,75914,90 933 196 666,,16-06-1993,+61498021937,example@gmail.com,4,Australia,"6174, Golden Bay, WA",Marcy Clements,062674,13338233,Commonwealth Bank of Australia,498021937@paypal.com,,,Completed,1193.83,108.53
331292,7,"846, Adelaide River, NT",16260881,03-05-2023,17-05-2023,1484,222.6,134.04,184.06,2024.66,94934,91 286 618 425,,31-01-1989,+61473587289,example@gmail.com,9,Australia,"4352, Groomsville, QLD",Shirley Blechman,062927,12837568,Commonwealth Bank of Australia,473587289@paypal.com,,,Completed,2024.66,184.06
102452,7,"2900, Tuggeranong, ACT",13725907,18-06-2023,25-06-2023,595,89.25,78.31,76.26,838.86,97629,,259654280,05-05-1965,+61488439992,example@gmail.com,7,Australia,"2337, Satur, NSW",France Tarvis,062943,13208959,Commonwealth Bank of Australia,France.Tarvis@paypal.com,,,Completed,838.86,76.26
924809,3,"4871, Petford, QLD",98998410,18-03-2023,23-03-2023,400,60.0,95.1,55.51,610.61,94591,25 933 665 228,,22-04-1973,+61455157003,example@gmail.com,1,Australia,"2260, Forresters Beach, NSW",Kaitlyn Therrien,062667,12594929,Commonwealth Bank of Australia,,,,Completed,610.61,55.51
306010,4,"3825, Walhalla, VIC",89240761,30-04-2023,07-05-2023,805,120.75,98.78,102.45,1126.95,46444,88 629 954 660,,18-02-1983,+61468160093,example@gmail.com,7,Australia,"3352, Wallace, VIC",Joshua Darby,062805,15522985,Commonwealth Bank of Australia,,,,Completed,1126.95,102.45
219183,8,"3567, Leitchville, VIC",35922731,15-01-2023,22-01-2023,679,101.85,179.9,96.08,1056.88,88916,,475650468,21-03-1954,+61427997265,example@gmail.com,4,Australia,"6280, Vasse, WA",Reginald Nadal,062392,11276631,Commonwealth Bank of Australia,427997265@paypal.com,,,Completed,1056.88,96.08
759678,5,"2550, Morans Crossing, NSW",37181122,06-03-2023,08-03-2023,180,27.0,159.63,36.66,403.26,63114,66 431 615 810,,28-01-1954,+61473227556,example@gmail.com,3,Australia,"7030, Dysart, TAS",Tony Williams,062795,16151368,Commonwealth Bank of Australia,Tony.Williams@paypal.com,,,Cancelled,0.0,0.0
291305,6,"4478, Bayrick, QLD",16495308,04-06-2023,09-06-2023,655,98.25,173.08,92.63,1018.93,16512,32 149 582 870,,26-03-1957,+61427269367,example@gmail.com,8,New Zealand,"Auckland, NZ",Jonathan Cazares,,,ANZ Bank,,AU,CTBAAU2S,Completed,1018.93,92.63
161631,8,"862, Tablelands, NT",24204701,12-06-2023,15-06-2023,366,54.9,204.3,62.52,687.72,18502,76 179 175 619,,24-06-1983,+61491110492,example@gmail.com,8,Australia,"6213, Banksiadale, WA",Gary Horton,062337,12178515,Commonwealth Bank of Australia,491110492@paypal.com,,,Completed,687.72,62.52
592201,5,"5083, Sefton Park, SA",92053779,08-02-2023,21-02-2023,1079,161.85,74.98,131.58,1447.38,79648,86 662 614 380,,30-08-1960,+61454969399,example@gmail.com,3,Australia,"2620, Queanbeyan DC, NSW",Stephanie Harden,062325,18099010,Commonwealth Bank of Australia,454969399@paypal.com,,,Refunded,0.0,0.0
475753,6,"2046, Canada Bay, NSW",89071738,02-02-2023,03-02-2023,43,6.45,45.66,9.51,104.61,32272,27 359 347 484,,05-04-1945,+61431766794,example@gmail.com,7,New Zealand,"Auckland, NZ",Denise Danz,,,ANZ Bank,,AU,CTBAAU2S,Completed,104.61,9.51
031948,3,"6317, South Datatine, WA",17525370,13-06-2023,20-06-2023,1078,161.7,129.63,136.93,1506.23,48787,53 471 735 737,,19-04-1994,+61464945877,example@gmail.com,4,New Zealand,"Auckland, NZ",Michelle Kimbler,,,ANZ Bank,,AU,CTBAAU2S,Completed,1506.23,136.93
886931,7,"2756, Clarendon, NSW",83455862,10-04-2023,25-04-2023,2250,337.5,204.86,279.24,3071.64,61843,46 613 481 641,,14-10-1944,+61419016704,example@gmail.com,3,New Zealand,"Auckland, NZ",Jeannette Long,,,ANZ Bank,,AU,CTBAAU2S,Completed,3071.64,279.24
754465,4,"2259, Wallarah, NSW",22835597,28-03-2023,04-04-2023,847,127.05,179.07,115.31,1268.41,30646,24 125 520 808,,25-06-1992,+61475618074,example@gmail.com,4,Australia,"4384, Limevale, QLD",Kari Bellerose,062322,12196975,Commonwealth Bank of Australia,475618074@paypal.com,,,Completed,1268.41,115.31
481662,3,"2551, Kiah, NSW",47861523,12-06-2023,27-06-2023,2100,315.0,112.72,252.77,2780.47,90739,70 927 181 643,,28-04-1985,+61470813943,example@gmail.com,0,New Zealand,"Auckland, NZ",Gene Bailey,,,ANZ Bank,,AU,CTBAAU2S,Completed,2780.47,252.77
616351,3,"2294, Carrington, NSW",61626574,09-01-2023,15-01-2023,372,55.8,100.69,52.85,581.35,43979,99 628 592 607,,14-03-1948,+61428794439,example@gmail.com,9,Australia,"2370, Kingsland, NSW",Mary Sexton,062265,19267368,Commonwealth Bank of Australia,Mary.Sexton@paypal.com,,,Completed,581.35,52.85
595030,8,"2333, Baerami Creek, NSW",78835545,15-06-2023,20-06-2023,365,54.75,102.51,52.23,574.53,21432,89 206 558 683,,07-03-1987,+61448179298,example@gmail.com,7,Australia,"4671, Boolboonda, QLD",Tony Gallego,062238,19685480,Commonwealth Bank of Australia,448179298@paypal.com,,,Completed,574.53,52.23
803623,8,"3188, Hampton East, VIC",40564893,07-02-2023,19-02-2023,972,145.8,147.15,126.5,1391.5,70131,25 818 727 756,,31-10-1958,+61428509368,example@gmail.com,3,Australia,"5007, Welland, SA",Kelly Schock,062826,17497497,Commonwealth Bank of Australia,Kelly.Schock@paypal.com,,,Refunded,0.0,0.0
479763,7,"2622, Manar, NSW",99286601,16-06-2023,21-06-2023,785,117.75,220.92,112.37,1236.07,01162,,534345977,21-12-1982,+61478776464,example@gmail.com,0,Australia,"2370, Red Range, NSW",Donna Rasmussen,062720,19122476,Commonwealth Bank of Australia,Donna.Rasmussen@paypal.com,,,Refunded,0.0,0.0
329447,7,"6630, Devils Creek, WA",50827631,04-02-2023,18-02-2023,2142,321.3,242.56,270.59,2976.49,57659,37 924 792 500,,12-01-1972,+61465916540,example@gmail.com,3,Australia,"2311, Gresford, NSW",Ethel Hoover,062424,16355446,Commonwealth Bank of Australia,Ethel.Hoover@paypal.com,,,Completed,2976.49,270.59
182756,3,"3612, Wanalta, VIC",30069697,21-06-2023,29-06-2023,1024,153.6,122.06,129.97,1429.67,35767,93 461 550 858,,08-02-1973,+61425483533,example@gmail.com,2,Australia,"7173, Dodges Ferry, TAS",Carlos Mathias,062700,15313468,Commonwealth Bank of Australia,Carlos.Mathias@paypal.com,,,Cancelled,0.0,0.0
818764,8,"5864, Adelaide Mail Centre, SA",35585186,07-05-2023,17-05-2023,1110,166.5,171.65,144.82,1593.02,66603,43 296 585 368,,11-07-1981,+61431287491,example@gmail.com,0,New Zealand,"Auckland, NZ",Richard Creel,,,ANZ Bank,,AU,CTBAAU2S,Completed,1593.02,144.82
548548,3,"2420, Salisbury, NSW",98952113,29-06-2023,08-07-2023,846,126.9,92.12,106.5,1171.5,61189,37 819 769 211,,27-01-1985,+61494318629,example@gmail.com,9,New Zealand,"Auckland, NZ",Kristy Freeman,,,ANZ Bank,,AU,CTBAAU2S,Completed,1171.5,106.5
641587,3,"6260, Collins, WA",12579734,22-06-2023,29-06-2023,616,92.4,151.78,86.02,946.22,05696,,576260935,23-03-1981,+61483625163,example@gmail.com,5,Australia,"4311, Wivenhoe Hill, QLD",Randall Elliott,062166,14603010,Commonwealth Bank of Australia,Randall.Elliott@paypal.com,,,Refunded,0.0,0.0
891912,2,"2714, Aratula, NSW",50205653,14-02-2023,16-02-2023,184,27.6,173.4,38.5,423.5,08458,,966223889,04-10-1940,+61449812919,example@gmail.com,8,Australia,"1159, Sydney, NSW",John Ancheta,062800,16159406,Commonwealth Bank of Australia,John.Ancheta@paypal.com,,,Completed,423.5,38.5
995116,7,"2800, Springside, NSW",11616692,10-06-2023,22-06-2023,504,75.6,50.43,63.0,693.0,14544,77 321 802 246,,02-01-1941,+61483068198,example@gmail.com,4,Australia,"2372, Liston, NSW",Lee Reid,062724,15594172,Commonwealth Bank of Australia,,,,Refunded,0.0,0.0
415470,6,"4660, Apple Tree Creek, QLD",95680304,16-01-2023,21-01-2023,575,86.25,108.02,76.93,846.23,22926,28 724 661 176,,13-12-1973,+61421282937,example@gmail.com,9,Australia,"3387, Kanya, VIC",James Guerin,062382,17266042,Commonwealth Bank of Australia,,,,Completed,846.23,76.93
176648,6,"4680, Gladstone DC, QLD",67214109,17-03-2023,26-03-2023,963,144.45,114.02,122.15,1343.65,74302,68 212 222 713,,06-11-1977,+61445245928,example@gmail.com,0,Australia,"4700, Port Curtis, QLD",Anita Chen,062684,13526053,Commonwealth Bank of Australia,Anita.Chen@paypal.com,,,Completed,1343.65,122.15
553716,5,"4824, Oorindi, QLD",80391403,28-01-2023,05-02-2023,472,70.8,106.96,64.98,714.78,16598,36 589 784 607,,16-08-1974,+61491884876,example@gmail.com,6,New Zealand,"Auckland, NZ",Michael Zambrana,,,ANZ Bank,,AU,CTBAAU2S,Completed,714.78,64.98
394713,4,"3756, Chintin, VIC",26823231,16-03-2023,28-03-2023,840,126.0,137.58,110.36,1213.96,65955,46 629 213 982,,18-12-1969,+61471159770,example@gmail.com,10,Australia,"6163, Bibra Lake, WA",Jennifer Simmons,062865,19168275,Commonwealth Bank of Australia,471159770@paypal.com,,,Completed,1213.96,110.36
947920,8,"4344, Rockmount, QLD",53706026,17-06-2023,18-06-2023,91,13.65,94.26,19.89,218.79,13701,17 120 965 815,,28-03-1943,+61489998997,example@gmail.com,6,Australia,"2800, Lower Lewis Ponds, NSW",Terry Hoggins,062851,15354162,Commonwealth Bank of Australia,489998997@paypal.com,,,Completed,218.79,19.89
396491,5,"7116, Port Huon, TAS",60995468,25-06-2023,01-07-2023,672,100.8,160.48,93.33,1026.63,21728,59 272 620 712,,01-11-1960,+61429765398,example@gmail.com,10,New Zealand,"Auckland, NZ",Vicki Gonzalez,,,ANZ Bank,,AU,CTBAAU2S,Completed,1026.63,93.33
312924,3,"2779, Hazelbrook, NSW",98900329,21-05-2023,29-05-2023,1152,172.8,133.61,145.84,1604.24,33327,19 252 240 982,,03-03-1980,+61457490700,example@gmail.com,1,Australia,"3044, Pascoe Vale, VIC",Mollie Principato,062762,13004002,Commonwealth Bank of Australia,Mollie.Principato@paypal.com,,,Completed,1604.24,145.84
425695,8,"2234, Menai, NSW",64152572,27-04-2023,07-05-2023,740,111.0,145.95,99.7,1096.7,09676,71 497 994 735,,09-07-1982,+61488107051,example@gmail.com,9,Australia,"6443, Fraser Range, WA",Margaret Pella,062922,14737313,Commonwealth Bank of Australia,488107051@paypal.com,,,Completed,1096.7,99.7
153453,3,"3527, Teddywaddy, VIC",25474495,22-06-2023,29-06-2023,966,144.9,227.19,133.81,1471.91,50418,61 331 907 443,,28-08-1945,+61482451855,example@gmail.com,10,Australia,"2568, Menangle, NSW",Jason Delaney,062777,18694453,Commonwealth Bank of Australia,,,,Completed,1471.91,133.81
133652,5,"2440, Hat Head, NSW",23150515,02-05-2023,05-05-2023,147,22.05,68.23,23.73,261.03,93579,95 185 935 725,,27-10-1960,+61465581099,example@gmail.com,7,New Zealand,"Auckland, NZ",Frances Lott,,,ANZ Bank,,AU,CTBAAU2S,Completed,261.03,23.73
215568,6,"3850, Wurruk, VIC",34412154,24-05-2023,05-06-2023,480,72.0,41.62,59.36,652.96,19222,84 187 950 904,,23-04-1963,+61478524904,example@gmail.com,3,Australia,"6401, Throssell, WA",Peter Croyle,062326,12882904,Commonwealth Bank of Australia,Peter.Croyle@paypal.com,,,Completed,652.96,59.36
965444,2,"5352, Bethany, SA",30346172,27-06-2023,09-07-2023,576,86.4,79.01,74.14,815.54,63962,98 417 764 782,,19-04-1940,+61462990555,example@gmail.com,2,Australia,"2804, Billimari, NSW",Sean Wheeler,062630,19359231,Commonwealth Bank of Australia,Sean.Wheeler@paypal.com,,,Completed,815.54,74.14
148410,2,"2421, Fishers Hill, NSW",14799040,02-03-2023,07-03-2023,205,30.75,47.85,28.36,311.96,90374,26 257 465 846,,13-02-1950,+61453232097,example@gmail.com,8,New Zealand,"Auckland, NZ",Kelly Perez,,,ANZ Bank,,AU,CTBAAU2S,Completed,311.96,28.36
335293,2,"2347, Thirldene, NSW",36389081,18-06-2023,28-06-2023,880,132.0,142.91,115.49,1270.39,81903,83 798 540 643,,02-01-1965,+61496219319,example@gmail.com,7,Australia,"2770, Bidwill, NSW",Carol Pender,062758,12216085,Commonwealth Bank of Australia,496219319@paypal.com,,,Completed,1270.39,115.49
809898,8,"3221, Geelong Mc, VIC",39683548,09-06-2023,13-06-2023,288,43.2,97.22,42.84,471.24,86972,14 662 909 440,,07-09-1982,+61485610255,example@gmail.com,1,New Zealand,"Auckland, NZ",Todd Lewis,,,ANZ Bank,,AU,CTBAAU2S,Cancelled,0.0,0.0
698857,2,"2320, Keinbah, NSW",32622337,25-04-2023,06-05-2023,682,102.3,97.69,88.2,970.2,43208,34 609 779 539,,14-02-1948,+61474752547,example@gmail.com,10,Australia,"6056, Herne Hill, WA",Dawn Tannenbaum,062506,15537179,Commonwealth Bank of Australia,Dawn.Tannenbaum@paypal.com,,,Completed,970.2,88.2
195415,3,"2527, North Macquarie, NSW",95704316,10-01-2023,14-01-2023,600,90.0,170.3,86.03,946.33,42207,41 692 561 702,,28-12-1954,+61449867176,example@gmail.com,2,New Zealand,"Auckland, NZ",Carol Morgan,,,ANZ Bank,,AU,CTBAAU2S,Completed,946.33,86.03
408491,3,"3221, Anakie, VIC",97156302,02-02-2023,16-02-2023,1190,178.5,136.62,150.51,1655.61,22264,71 825 931 677,,24-09-1993,+61498991925,example@gmail.com,3,Australia,"2372, Back Creek, NSW",Joe Jones,062888,11429843,Commonwealth Bank of Australia,Joe.Jones@paypal.com,,,Completed,1655.61,150.51
477857,7,"2546, Central Tilba, NSW",33172851,10-01-2023,24-01-2023,1316,197.4,127.46,164.09,1804.99,75895,,722084131,29-06-1979,+61465516280,example@gmail.com,0,Australia,"852, Tanami East, NT",Lorita Volkman,062925,12637704,Commonwealth Bank of Australia,Lorita.Volkman@paypal.com,,,Completed,1804.99,164.09
532115,4,"4207, Bahrs Scrub, QLD",41233670,22-04-2023,28-04-2023,510,76.5,154.32,74.08,814.88,79237,69 546 971 924,,20-05-1997,+61438875384,example@gmail.com,10,Australia,"2546, Tinpot, NSW",Alan Lefevre,062826,19484340,Commonwealth Bank of Australia,438875384@paypal.com,,,Completed,814.88,74.08
493505,4,"2469, Mummulgum, NSW",95058941,03-05-2023,08-05-2023,785,117.75,259.96,116.27,1278.97,79278,60 821 890 498,,10-11-1980,+61410597482,example@gmail.com,7,New Zealand,"Auckland, NZ",Kerri Gutierrez,,,ANZ Bank,,AU,CTBAAU2S,Completed,1278.97,116.27
975512,3,"3888, Cape Conran, VIC",55536612,08-05-2023,09-05-2023,78,11.7,111.07,20.08,220.88,79563,94 766 894 568,,27-12-1940,+61456739732,example@gmail.com,10,Australia,"7215, Bicheno, TAS",Lita Hill,062155,14952546,Commonwealth Bank of Australia,Lita.Hill@paypal.com,,,Completed,220.88,20.08
563128,4,"3816, Longwarry, VIC",55862513,26-05-2023,30-05-2023,480,72.0,145.05,69.7,766.7,42902,22 166 702 897,,13-09-1993,+61452669063,example@gmail.com,7,Australia,"2430, Black Head, NSW",Ernest Wile,062251,17455464,Commonwealth Bank of Australia,Ernest.Wile@paypal.com,,,Completed,766.7,69.7
439167,5,"3658, Sunday Creek, VIC",38023534,11-03-2023,21-03-2023,1190,178.5,186.38,155.49,1710.39,26927,20 923 748 924,,12-11-1953,+61424752335,example@gmail.com,0,Australia,"2550, Reedy Swamp, NSW",Barry Beller,062568,11614983,Commonwealth Bank of Australia,,,,Completed,1710.39,155.49
801906,7,"3660, Trawool, VIC",41235356,19-02-2023,04-03-2023,1352,202.8,207.78,176.26,1938.86,01101,,401449450,05-09-1959,+61451063148,example@gmail.com,8,New Zealand,"Auckland, NZ",Jose Willard,,,ANZ Bank,,AU,CTBAAU2S,Completed,1938.86,176.26
497329,5,"6335, Pallinup, WA",92759388,15-06-2023,23-06-2023,1240,186.0,140.5,156.65,1723.15,88243,79 361 810 767,,05-01-1997,+61422943104,example@gmail.com,7,Australia,"3478, St Arnaud, VIC",John Campbell,062447,17056310,Commonwealth Bank of Australia,John.Campbell@paypal.com,,,Completed,1723.15,156.65
172478,2,"2411, Croppa Creek, NSW",75310989,20-01-2023,01-02-2023,756,113.4,96.45,96.59,1062.49,28166,97 674 437 149,,25-06-1993,+61419350661,example@gmail.com,0,Australia,"3371, Dunach, VIC",Julie Pawlak,062522,11351187,Commonwealth Bank of Australia,,,,Cancelled,0.0,0.0
763282,3,"5552, Kulpara, SA",17539211,11-05-2023,20-05-2023,1359,203.85,265.79,182.86,2011.46,72394,51 598 773 493,,20-10-1990,+61417742296,example@gmail.com,9,New Zealand,"Auckland, NZ",Lisa Mcdonald,,,ANZ Bank,,AU,CTBAAU2S,Cancelled,0.0,0.0
221308,6,"6218, Yarloop, WA",21335517,25-06-2023,08-07-2023,585,87.75,49.31,72.21,794.31,10158,51 938 139 894,,11-10-1969,+61469506444,example@gmail.com,1,New Zealand,"Auckland, NZ",Elva Presson,,,ANZ Bank,,AU,CTBAAU2S,Completed,794.31,72.21
833483,7,"4702, Milman, QLD",57485085,19-02-2023,04-03-2023,936,140.4,71.68,114.81,1262.91,04661,38 372 279 472,,21-02-1979,+61436117492,example@gmail.com,1,Australia,"4825, Carrandotta, QLD",Amy Hernandez,062694,13274327,Commonwealth Bank of Australia,436117492@paypal.com,,,Refunded,0.0,0.0
358512,7,"2830, Minore, NSW",10246675,07-06-2023,09-06-2023,154,23.1,120.88,29.8,327.8,16679,44 645 964 872,,16-06-1970,+61419852333,example@gmail.com,5,Australia,"4482, Birdsville, QLD",Francis Braman,062351,15107970,Commonwealth Bank of Australia,Francis.Braman@paypal.com,,,Cancelled,0.0,0.0
482899,6,"4359, Greenmount, QLD",98556349,20-06-2023,04-07-2023,1708,256.2,157.33,212.15,2333.65,74834,74 500 199 376,,25-01-1958,+61461112085,example@gmail.com,4,Australia,"3315, Hilgay, VIC",Timothy Frazier,062805,19641470,Commonwealth Bank of Australia,Timothy.Frazier@paypal.com,,,Completed,2333.65,212.15
526932,3,"2469, Haystack, NSW",71397277,16-06-2023,18-06-2023,302,45.3,268.37,61.57,677.27,32770,59 323 379 580,,16-07-1979,+61485800665,example@gmail.com,0,Australia,"2283, Carey Bay, NSW",Debra Albano,062378,11722106,Commonwealth Bank of Australia,485800665@paypal.com,,,Completed,677.27,61.57
906930,2,"2422, Waukivory, NSW",52697586,19-02-2023,20-02-2023,40,6.0,76.02,12.2,134.2,96176,,302207755,03-08-1961,+61484706538,example@gmail.com,10,Australia,"2017, Waterloo, NSW",Christina Caron,062848,14973500,Commonwealth Bank of Australia,484706538@paypal.com,,,Completed,134.2,12.2
491471,4,"2630, Countegany, NSW",79745415,14-06-2023,26-06-2023,720,108.0,71.03,89.9,988.9,76725,82 515 804 556,,19-12-1973,+61455662788,example@gmail.com,1,Australia,"2575, Goodmans Ford, NSW",Anton Maney,062867,15104202,Commonwealth Bank of Australia,,,,Refunded,0.0,0.0
546585,3,"5433, Quorn, SA",15916685,25-04-2023,07-05-2023,1896,284.4,262.9,244.33,2687.63,46718,48 129 325 464,,05-09-1993,+61468505137,example@gmail.com,7,New Zealand,"Auckland, NZ",Martha Wooster,,,ANZ Bank,,AU,CTBAAU2S,Completed,2687.63,244.33
356301,5,"3185, Elsternwick, VIC",19956283,29-05-2023,11-06-2023,1235,185.25,102.36,152.26,1674.86,30579,64 278 479 364,,30-12-1982,+61481447493,example@gmail.com,3,Australia,"3575, Mologa, VIC",Calvin Castiglione,062106,11893467,Commonwealth Bank of Australia,Calvin.Castiglione@paypal.com,,,Completed,1674.86,152.26
391436,7,"3825, Yallourn North, VIC",12657898,05-05-2023,14-05-2023,765,114.75,132.28,101.2,1113.2,23742,99 218 132 306,,12-04-1971,+61485666217,example@gmail.com,0,Australia,"4217, Surfers Paradise, QLD",Richard Meldrum,062638,13452557,Commonwealth Bank of Australia,Richard.Meldrum@paypal.com,,,Completed,1113.2,101.2
918429,7,"6044, Wedge Island, WA",63111712,18-02-2023,19-02-2023,136,20.4,168.08,32.45,356.95,22221,71 828 734 771,,03-10-1958,+61478886103,example@gmail.com,0,Australia,"7263, Alberton, TAS",Barbara Downey,062768,12174265,Commonwealth Bank of Australia,478886103@paypal.com,,,Completed,356.95,32.45
236443,4,"3995, South Dudley, VIC",82464682,13-02-2023,16-02-2023,297,44.55,174.66,51.62,567.82,22882,10 836 828 256,,27-04-1990,+61428072127,example@gmail.com,1,Australia,"7306, Nook, TAS",Winona Escalante,062537,16103699,Commonwealth Bank of Australia,Winona.Escalante@paypal.com,,,Refunded,0.0,0.0
586468,6,"4650, Mungar, QLD",69265410,07-05-2023,15-05-2023,1208,181.2,245.27,163.45,1797.95,74373,,247480276,12-02-1957,+61464179813,example@gmail.com,4,New Zealand,"Auckland, NZ",Terry Gartner,,,ANZ Bank,,AU,CTBAAU2S,Completed,1797.95,163.45
482837,5,"2480, Numulgi, NSW",46191589,30-01-2023,04-02-2023,650,97.5,148.22,89.57,985.27,71116,,511529670,18-10-1999,+61458453386,example@gmail.com,8,Australia,"2486, Glengarrie, NSW",Kenneth Holloway,062816,15484713,Commonwealth Bank of Australia,,,,Completed,985.27,89.57
123472,6,"5110, Bolivar, SA",23066676,07-03-2023,10-03-2023,291,43.65,105.75,44.04,484.44,72938,,733851298,12-11-1948,+61481728720,example@gmail.com,9,Australia,"2824, Mount Foster, NSW",Jared Capizzi,062909,13621017,Commonwealth Bank of Australia,481728720@paypal.com,,,Cancelled,0.0,0.0
243907,3,"2346, Warrabah, NSW",36589680,02-06-2023,06-06-2023,336,50.4,99.99,48.64,535.04,76982,55 835 856 892,,21-12-1954,+61439586573,example@gmail.com,7,Australia,"4352, Silver Ridge, QLD",Peggy Allard,062809,12205407,Commonwealth Bank of Australia,Peggy.Allard@paypal.com,,,Completed,535.04,48.64
509682,8,"2546, Beauty Point, NSW",97645268,08-06-2023,22-06-2023,2170,325.5,271.91,276.74,3044.14,35601,,116665693,19-08-1983,+61420068392,example@gmail.com,2,New Zealand,"Auckland, NZ",Lauren Barnett,,,ANZ Bank,,AU,CTBAAU2S,Completed,3044.14,276.74
829334,4,"2424, Knorrit Flat, NSW",19241135,19-04-2023,24-04-2023,750,112.5,172.27,103.48,1138.28,48875,,227117683,24-04-1967,+61447466506,example@gmail.com,9,Australia,"2093, Balgowlah, NSW",Anna Johnson,062943,14091610,Commonwealth Bank of Australia,Anna.Johnson@paypal.com,,,Completed,1138.28,103.48
428816,3,"1428, Strawberry Hills, NSW",27126797,07-02-2023,16-02-2023,432,64.8,74.5,57.13,628.43,61829,70 770 887 297,,01-05-1945,+61497690673,example@gmail.com,8,Australia,"2537, Deua River Valley, NSW",Harold Keiss,062659,16416925,Commonwealth Bank of Australia,Harold.Keiss@paypal.com,,,Completed,628.43,57.13
864720,3,"2787, Duckmaloi, NSW",91128962,21-05-2023,22-05-2023,48,7.2,64.39,11.96,131.56,76943,,539922452,05-08-1994,+61431927306,example@gmail.com,6,New Zealand,"Auckland, NZ",Ethel Adams,,,ANZ Bank,,AU,CTBAAU2S,Completed,131.56,11.96
432092,2,"2074, Warrawee, NSW",67839907,10-06-2023,15-06-2023,510,76.5,197.54,78.4,862.4,11486,23 432 488 222,,06-02-1966,+61490870099,example@gmail.com,3,Australia,"4816, Torrens Creek, QLD",Jeremiah Mchenry,062747,16402490,Commonwealth Bank of Australia,490870099@paypal.com,,,Completed,862.4,78.4
658444,8,"4352, Vale View, QLD",53233944,11-03-2023,19-03-2023,1176,176.4,178.34,153.07,1683.77,36607,88 830 979 177,,05-01-1976,+61493522142,example@gmail.com,7,Australia,"3243, Barwon Downs, VIC",Helen Tudor,062646,14656422,Commonwealth Bank of Australia,Helen.Tudor@paypal.com,,,Completed,1683.77,153.07
753449,3,"3557, Barnadown, VIC",59329953,19-03-2023,25-03-2023,882,132.3,282.03,129.63,1425.93,95513,42 882 218 503,,06-03-1952,+61427861394,example@gmail.com,4,Australia,"2199, Yagoona West, NSW",Michelle Robinson,062455,15567706,Commonwealth Bank of Australia,Michelle.Robinson@paypal.com,,,Completed,1425.93,129.63
426973,3,"4740, Sandiford, QLD",88555369,09-06-2023,23-06-2023,840,126.0,51.94,101.79,1119.69,39987,,305896802,11-10-1968,+61415107161,example@gmail.com,6,Australia,"7260, Lietinna, TAS",Thomas Williams,062705,13624953,Commonwealth Bank of Australia,Thomas.Williams@paypal.com,,,Completed,1119.69,101.79
482990,4,"4455, Ballaroo, QLD",45491020,03-05-2023,11-05-2023,1192,178.8,178.86,154.97,1704.67,21300,16 302 625 816,,15-07-1952,+61447892556,example@gmail.com,1,Australia,"5540, Risdon Park, SA",Josephine Cheek,062212,17514800,Commonwealth Bank of Australia,Josephine.Cheek@paypal.com,,,Completed,1704.67,154.97
923917,6,"5013, Pennington, SA",19334276,06-02-2023,18-02-2023,1260,189.0,158.74,160.77,1768.47,48319,86 583 722 112,,02-12-1948,+61434925951,example@gmail.com,5,New Zealand,"Auckland, NZ",Irene Blackburn,,,ANZ Bank,,AU,CTBAAU2S,Refunded,0.0,0.0
592812,2,"5011, Woodville South, SA",99792440,18-03-2023,29-03-2023,1397,209.55,111.53,171.81,1889.91,37136,41 835 521 504,,15-05-1955,+61460809696,example@gmail.com,3,Australia,"2330, Maison Dieu, NSW",Emma Johnson,062781,19258035,Commonwealth Bank of Australia,Emma.Johnson@paypal.com,,,Partially Refunded,1079.54,98.14
219247,2,"4406, Jimbour, QLD",22841831,26-06-2023,06-07-2023,830,124.5,110.01,106.45,1170.95,30642,67 309 511 994,,20-06-1991,+61453118271,example@gmail.com,9,Australia,"6532, Nabawa, WA",Zachary Dougherty,062138,11272245,Commonwealth Bank of Australia,Zachary.Dougherty@paypal.com,,,Completed,1170.95,106.45
324624,7,"2550, Brogo, NSW",21820617,17-04-2023,02-05-2023,780,117.0,56.53,95.35,1048.85,95807,43 346 664 408,,20-04-1975,+61417797388,example@gmail.com,5,New Zealand,"Auckland, NZ",Donald Lovell,,,ANZ Bank,,AU,CTBAAU2S,Cancelled,0.0,0.0
114278,3,"4610, Crawford, QLD",88557025,23-01-2023,25-01-2023,304,45.6,134.06,48.37,532.07,66589,,548288181,14-06-1990,+61457559709,example@gmail.com,3,Australia,"5343, Katarapko, SA",Chad Taylor,062465,13205070,Commonwealth Bank of Australia,457559709@paypal.com,,,Completed,532.07,48.37
036965,8,"2560, Airds, NSW",25634173,16-02-2023,22-02-2023,528,79.2,169.17,77.64,854.04,06839,27 359 150 642,,25-07-1965,+61499054063,example@gmail.com,10,Australia,"7250, Prospect Vale, TAS",Hattie Morlan,062411,13863025,Commonwealth Bank of Australia,499054063@paypal.com,,,Completed,854.04,77.64
489552,4,"6036, Butler, WA",80126265,04-03-2023,07-03-2023,444,66.6,266.36,77.7,854.7,60659,57 165 306 503,,07-05-1983,+61482704906,example@gmail.com,6,Australia,"4306, Wanora, QLD",Patricia Smith,062423,19552309,Commonwealth Bank of Australia,Patricia.Smith@paypal.com,,,Completed,854.7,77.7
444290,5,"2453, Fernbrook, NSW",11256142,11-06-2023,22-06-2023,990,148.5,86.4,122.49,1347.39,03871,,340080678,11-06-1956,+61455450418,example@gmail.com,0,Australia,"4821, Hughenden, QLD",David Nickle,062894,15379179,Commonwealth Bank of Australia,455450418@paypal.com,,,Completed,1347.39,122.49
398541,5,"3903, Swan Reach, VIC",39626922,18-04-2023,25-04-2023,721,108.15,108.46,93.76,1031.36,35844,,892045563,20-11-1959,+61446005864,example@gmail.com,4,Australia,"2100, Oxford Falls, NSW",James Moore,062317,16892087,Commonwealth Bank of Australia,446005864@paypal.com,,,Refunded,0.0,0.0
919236,4,"2541, Nowra East, NSW",69708103,26-04-2023,28-04-2023,280,42.0,254.63,57.66,634.26,54533,75 873 529 648,,15-06-1973,+61432183056,example@gmail.com,6,Australia,"2632, Gunningrah, NSW",Sandra Lavi,062492,19444799,Commonwealth Bank of Australia,Sandra.Lavi@paypal.com,,,Completed,634.26,57.66
142176,2,"4353, Haden, QLD",55868016,10-06-2023,14-06-2023,588,88.2,194.12,87.03,957.33,43622,78 285 933 995,,16-11-1972,+61426662208,example@gmail.com,1,Australia,"3717, Glenburn, VIC",Bradley Ellefson,062653,11656296,Commonwealth Bank of Australia,Bradley.Ellefson@paypal.com,,,Completed,957.33,87.03
366655,2,"5253, Monteith, SA",46356418,23-01-2023,05-02-2023,1144,171.6,92.02,140.76,1548.36,31259,25 127 499 278,,09-08-1971,+61419493395,example@gmail.com,2,New Zealand,"Auckland, NZ",Brenda Doman,,,ANZ Bank,,AU,CTBAAU2S,Completed,1548.36,140.76
485797,3,"6330, Marbelup, WA",71636404,06-05-2023,10-05-2023,352,52.8,119.1,52.39,576.29,94599,10 955 307 390,,28-11-1953,+61450799914,example@gmail.com,8,New Zealand,"Auckland, NZ",Kristin Hardister,,,ANZ Bank,,AU,CTBAAU2S,Completed,576.29,52.39
997976,8,"7321, Black River, TAS",72971178,08-03-2023,21-03-2023,1053,157.95,128.92,133.99,1473.89,44977,36 877 490 246,,19-08-1956,+61430877234,example@gmail.com,4,Australia,"3265, Noorat East, VIC",Paula Hoffman,062359,11482111,Commonwealth Bank of Australia,Paula.Hoffman@paypal.com,,,Refunded,0.0,0.0
149394,2,"4802, Flametree, QLD",36515843,08-05-2023,22-05-2023,728,109.2,52.11,88.93,978.23,05911,30 936 886 868,,16-02-1994,+61472261750,example@gmail.com,7,Australia,"3461, Coomoora, VIC",Kathy Ragsdale,062618,13639464,Commonwealth Bank of Australia,Kathy.Ragsdale@paypal.com,,,Refunded,0.0,0.0
096492,2,"5019, Semaphore Park, SA",86069545,05-06-2023,20-06-2023,2145,321.75,219.28,268.6,2954.6,24591,33 539 470 780,,23-06-1950,+61414648144,example@gmail.com,8,Australia,"2324, Nelsons Plains, NSW",Martha Grant,062688,14772177,Commonwealth Bank of Australia,Martha.Grant@paypal.com,,,Completed,2954.6,268.6
992555,3,"7307, Wesley Vale, TAS",10541664,30-04-2023,10-05-2023,550,82.5,81.3,71.38,785.18,19904,63 372 859 818,,31-05-1974,+61474249990,example@gmail.com,9,New Zealand,"Auckland, NZ",Jolene Yearout,,,ANZ Bank,,AU,CTBAAU2S,Refunded,0.0,0.0
693146,3,"4807, Airdmillan, QLD",51895592,20-03-2023,04-04-2023,2355,353.25,252.54,296.08,3256.88,93827,72 415 371 849,,02-10-1996,+61414108707,example@gmail.com,9,Australia,"4069, Pinjarra Hills, QLD",John Schiel,062126,14173292,Commonwealth Bank of Australia,,,,Completed,3256.88,296.08
775412,4,"5014, Hendon, SA",83994484,18-04-2023,03-05-2023,1005,150.75,80.01,123.58,1359.38,87915,89 512 127 568,,01-02-1973,+61432774701,example@gmail.com,6,Australia,"5431, Tarcowie, SA",Jean Castillo,062230,12325754,Commonwealth Bank of Australia,Jean.Castillo@paypal.com,,,Completed,1359.38,123.58
298894,2,"5291, Mingbool, SA",98044459,25-02-2023,27-02-2023,192,28.8,165.17,38.6,424.6,34389,32 418 879 132,,11-06-1973,+61492229769,example@gmail.com,10,Australia,"1158, Sydney, NSW",Carlos Necaise,062589,18509383,Commonwealth Bank of Australia,Carlos.Necaise@paypal.com,,,Refunded,0.0,0.0
758012,8,"2880, Broughams Gate, NSW",18851370,24-04-2023,07-05-2023,754,113.1,75.11,94.22,1036.42,85378,22 611 439 543,,08-12-1948,+61454988719,example@gmail.com,1,Australia,"5166, O'Sullivan Beach, SA",Ima Sanders,062874,12917784,Commonwealth Bank of Australia,Ima.Sanders@paypal.com,,,Completed,1036.42,94.22
159312,3,"4702, Alsace, QLD",51818160,08-02-2023,17-02-2023,981,147.15,191.82,132.0,1452.0,61753,46 695 292 986,,19-07-1995,+61472930858,example@gmail.com,5,Australia,"6714, Gnoorea, WA",Patrick Randall,062650,11336204,Commonwealth Bank of Australia,Patrick.Randall@paypal.com,,,Completed,1452.0,132.0
162558,5,"3854, Glengarry, VIC",36820325,23-04-2023,05-05-2023,1752,262.8,242.19,225.7,2482.7,30762,,555440398,15-12-1953,+61410435631,example@gmail.com,8,Australia,"2261, Tumbi Umbi, NSW",Robert Hertler,062432,12337375,Commonwealth Bank of Australia,410435631@paypal.com,,,Completed,2482.7,225.7
028057,8,"6352, Kukerin, WA",40593272,15-05-2023,21-05-2023,870,130.5,201.82,120.23,1322.53,38504,36 534 364 310,,01-02-1991,+61475354063,example@gmail.com,2,Australia,"5346, Cobdogla, SA",Joseph Benson,062240,19916755,Commonwealth Bank of Australia,Joseph.Benson@paypal.com,,,Completed,1322.53,120.23
645271,4,"7303, Exton, TAS",77484402,03-04-2023,10-04-2023,784,117.6,102.43,100.4,1104.4,07902,13 256 983 609,,11-09-1944,+61415503869,example@gmail.com,2,New Zealand,"Auckland, NZ",Joseph Irvin,,,ANZ Bank,,AU,CTBAAU2S,Completed,1104.4,100.4
015640,8,"4503, Whiteside, QLD",50162546,26-06-2023,28-06-2023,200,30.0,158.17,38.82,427.02,77971,25 546 814 813,,26-08-1956,+61413369935,example@gmail.com,3,Australia,"3047, Broadmeadows, VIC",Virgil Henderson,062636,19243905,Commonwealth Bank of Australia,Virgil.Henderson@paypal.com,,,Completed,427.02,38.82
912327,6,"4721, Laglan, QLD",48580789,08-03-2023,23-03-2023,1275,191.25,107.51,157.38,1731.18,19223,41 477 692 146,,13-02-1969,+61432872832,example@gmail.com,9,Australia,"5098, Ingle Farm, SA",Glenda Richard,062401,12864180,Commonwealth Bank of Australia,432872832@paypal.com,,,Completed,1731.18,157.38
503749,2,"3909, Nyerimilang, VIC",89275127,14-06-2023,16-06-2023,250,37.5,185.14,47.26,519.86,35343,22 715 991 858,,04-07-1971,+61426802990,example@gmail.com,0,New Zealand,"Auckland, NZ",Kenneth Beltran,,,ANZ Bank,,AU,CTBAAU2S,Completed,519.86,47.26
464554,5,"3764, Tantaraboo, VIC",48330613,19-03-2023,26-03-2023,616,92.4,75.09,78.35,861.85,19235,12 449 299 610,,21-03-1973,+61425598326,example@gmail.com,3,New Zealand,"Auckland, NZ",Leah Rautio,,,ANZ Bank,,AU,CTBAAU2S,Completed,861.85,78.35
251064,3,"3747, Beechworth, VIC",54908810,24-02-2023,26-02-2023,276,41.4,119.46,43.69,480.59,13242,,571113058,23-12-1973,+61459951096,example@gmail.com,8,Australia,"4170, Seven Hills, QLD",Dale White,062268,18135257,Commonwealth Bank of Australia,Dale.White@paypal.com,,,Completed,480.59,43.69
495259,7,"7170, Seven Mile Beach, TAS",59014455,01-01-2023,05-01-2023,188,28.2,72.04,28.82,317.02,22200,51 637 765 924,,05-07-1990,+61472609747,example@gmail.com,0,Australia,"6429, Coolgardie, WA",Ruth Treible,062172,18345793,Commonwealth Bank of Australia,472609747@paypal.com,,,Completed,317.02,28.82
163406,7,"5270, Kongal, SA",75743991,28-06-2023,05-07-2023,280,42.0,74.08,39.61,435.71,30411,56 673 977 102,,26-10-1957,+61489581515,example@gmail.com,5,Australia,"4017, Deagon, QLD",Jeffery Lucas,062469,13165890,Commonwealth Bank of Australia,489581515@paypal.com,,,Completed,435.71,39.61
354836,4,"2354, Wollun, NSW",73392654,15-01-2023,18-01-2023,342,51.3,155.78,54.91,604.01,04345,33 742 790 141,,10-07-1960,+61496154197,example@gmail.com,9,Australia,"2878, Trida, NSW",Richard Kenkel,062936,12448857,Commonwealth Bank of Australia,496154197@paypal.com,,,Completed,604.01,54.91
542465,3,"6525, Allanooka, WA",73276626,17-06-2023,21-06-2023,612,91.8,182.54,88.63,974.93,98459,41 659 375 528,,21-08-1970,+61434202451,example@gmail.com,9,New Zealand,"Auckland, NZ",Roy Ambrosino,,,ANZ Bank,,AU,CTBAAU2S,Completed,974.93,88.63
845184,4,"6714, Antonymyre, WA",20251748,02-01-2023,08-01-2023,684,102.6,95.91,88.25,970.75,77491,75 379 707 436,,08-01-1997,+61463921782,example@gmail.com,1,New Zealand,"Auckland, NZ",Jane Eligio,,,ANZ Bank,,AU,CTBAAU2S,Completed,970.75,88.25
268924,8,"830, Moulden, NT",59137147,21-03-2023,24-03-2023,144,21.6,93.54,25.91,285.01,34162,18 888 369 859,,08-12-1970,+61451905003,example@gmail.com,10,Australia,"4520, Mount Samson, QLD",Nancy Carter,062875,15579854,Commonwealth Bank of Australia,451905003@paypal.com,,,Completed,285.01,25.91
909441,7,"2145, Wentworthville, NSW",30561692,07-06-2023,15-06-2023,640,96.0,100.12,83.61,919.71,18483,20 296 585 197,,13-01-1994,+61464666614,example@gmail.com,4,Australia,"4478, Scrubby Creek, QLD",Sheri Hawkins,062117,15464795,Commonwealth Bank of Australia,Sheri.Hawkins@paypal.com,,,Completed,919.71,83.61
195532,5,"4223, Currumbin Dc, QLD",53523240,04-05-2023,14-05-2023,940,141.0,90.58,117.16,1288.76,23457,24 938 992 378,,15-03-1980,+61415005180,example@gmail.com,4,Australia,"7827, Hobart, TAS",Kevin Handsaker,062321,11352403,Commonwealth Bank of Australia,Kevin.Handsaker@paypal.com,,,Cancelled,0.0,0.0
374295,8,"7260, Tonganah, TAS",45211289,11-06-2023,24-06-2023,1131,169.65,159.92,146.06,1606.66,59773,,271451985,26-12-1948,+61430795754,example@gmail.com,8,New Zealand,"Auckland, NZ",Dale Harris,,,ANZ Bank,,AU,CTBAAU2S,Completed,1606.66,146.06
991629,6,"5330, Holder, SA",42358031,15-06-2023,28-06-2023,1495,224.25,186.89,190.61,2096.71,75762,13 303 218 568,,08-05-1947,+61492814311,example@gmail.com,6,Australia,"4829, Boulia, QLD",James Hutson,062881,17621881,Commonwealth Bank of Australia,James.Hutson@paypal.com,,,Completed,2096.71,190.61
739882,2,"6239, Yabberup, WA",83108749,29-06-2023,07-07-2023,1112,166.8,177.54,145.63,1601.93,15466,86 709 957 403,,10-09-1985,+61483312821,example@gmail.com,8,New Zealand,"Auckland, NZ",Peggy Snyder,,,ANZ Bank,,AU,CTBAAU2S,Completed,1601.93,145.63
742747,3,"870, Ilparpa, NT",43493245,28-04-2023,03-05-2023,395,59.25,111.59,56.58,622.38,51391,,718110210,06-05-1947,+61477949805,example@gmail.com,6,New Zealand,"Auckland, NZ",Lois Carpenter,,,ANZ Bank,,AU,CTBAAU2S,Refunded,0.0,0.0
079035,6,"2264, Eraring, NSW",70794250,22-02-2023,07-03-2023,1638,245.7,175.1,205.88,2264.68,78953,51 850 905 174,,31-12-1955,+61434984071,example@gmail.com,8,Australia,"6324, Woogenellup, WA",Stephaine Fleming,062464,19919215,Commonwealth Bank of Australia,434984071@paypal.com,,,Completed,2264.68,205.88
913513,8,"6522, Holmwood, WA",19566334,22-03-2023,23-03-2023,99,14.85,114.67,22.85,251.35,75477,26 782 353 799,,11-05-1975,+61460523021,example@gmail.com,10,Australia,"3570, Raywood, VIC",Ronald Cammack,062682,11171759,Commonwealth Bank of Australia,Ronald.Cammack@paypal.com,,,Completed,251.35,22.85
259848,4,"3875, Bengworden, VIC",15347023,23-01-2023,05-02-2023,1352,202.8,145.59,170.04,1870.44,87656,21 902 196 887,,04-11-1997,+61454702522,example@gmail.com,10,Australia,"4350, Redwood, QLD",Annie Jackson,062737,12626156,Commonwealth Bank of Australia,454702522@paypal.com,,,Completed,1870.44,170.04
355665,8,"3461, Porcupine Ridge, VIC",37976374,13-06-2023,20-06-2023,357,53.55,66.82,47.74,525.14,85898,14 656 833 682,,26-04-1956,+61485492263,example@gmail.com,6,New Zealand,"Auckland, NZ",Terry Barton,,,ANZ Bank,,AU,CTBAAU2S,Completed,525.14,47.74
936215,3,"2800, Orange, NSW",88308110,26-03-2023,04-04-2023,594,89.1,74.62,75.77,833.47,77920,82 690 102 920,,12-09-1941,+61486067311,example@gmail.com,3,Australia,"4875, Kubin Village, QLD",Ethel Musial,062751,18588787,Commonwealth Bank of Australia,Ethel.Musial@paypal.com,,,Completed,833.47,75.77
833796,8,"4566, Noosaville DC, QLD",41286743,17-02-2023,23-02-2023,798,119.7,247.06,116.48,1281.28,75155,11 829 893 171,,25-05-1965,+61460712198,example@gmail.com,6,New Zealand,"Auckland, NZ",Janine Valdez,,,ANZ Bank,,AU,CTBAAU2S,Completed,1281.28,116.48
226082,3,"5045, Glenelg North, SA",96004914,13-02-2023,23-02-2023,1450,217.5,223.23,189.07,2079.77,61921,95 927 354 739,,20-08-1965,+61427941441,example@gmail.com,7,New Zealand,"Auckland, NZ",Philip Peters,,,ANZ Bank,,AU,CTBAAU2S,Completed,2079.77,189.07
298582,2,"4008, Pinkenba, QLD",13637059,21-04-2023,26-04-2023,635,95.25,141.15,87.14,958.54,68761,39 822 363 115,,06-08-1990,+61482375005,example@gmail.com,7,New Zealand,"Auckland, NZ",Carl Webb,,,ANZ Bank,,AU,CTBAAU2S,Completed,958.54,87.14
528241,2,"9008, Brisbane, QLD",52554480,03-06-2023,13-06-2023,950,142.5,79.73,117.22,1289.42,98842,48 226 459 946,,11-10-1980,+61434176371,example@gmail.com,6,Australia,"3565, Kotta, VIC",Martha Frank,062732,19737820,Commonwealth Bank of Australia,Martha.Frank@paypal.com,,,Completed,1289.42,117.22
389722,4,"4625, Ban Ban Springs, QLD",40827311,13-01-2023,16-01-2023,477,71.55,280.23,82.88,911.68,04654,52 377 368 708,,30-03-1953,+61434993019,example@gmail.com,10,Australia,"7112, Deep Bay, TAS",Julius Lastra,062664,19846367,Commonwealth Bank of Australia,434993019@paypal.com,,,Completed,911.68,82.88
539739,8,"4350, Finnie, QLD",15288522,07-06-2023,09-06-2023,86,12.9,35.54,13.44,147.84,50533,60 119 680 811,,25-08-1951,+61437829743,example@gmail.com,7,New Zealand,"Auckland, NZ",William Choi,,,ANZ Bank,,AU,CTBAAU2S,Completed,147.84,13.44
762007,8,"4701, Park Avenue, QLD",99957152,10-06-2023,19-06-2023,1251,187.65,133.07,157.17,1728.87,89105,23 734 969 330,,25-11-1996,+61418213712,example@gmail.com,0,Australia,"4467, Tyrconnel, QLD",Melanie Eychaner,062284,19455384,Commonwealth Bank of Australia,Melanie.Eychaner@paypal.com,,,Completed,1728.87,157.17
037654,7,"1570, Artarmon, NSW",94086714,25-04-2023,26-04-2023,157,23.55,262.47,44.3,487.3,34865,,510008226,23-06-1974,+61431951811,example@gmail.com,0,Australia,"3042, Keilor Park, VIC",Barbara Sturm,062195,19371827,Commonwealth Bank of Australia,431951811@paypal.com,,,Completed,487.3,44.3
651953,4,"4157, Capalaba West, QLD",11550117,09-04-2023,13-04-2023,340,51.0,84.53,47.55,523.05,34143,,206473336,27-03-1970,+61484276095,example@gmail.com,6,Australia,"6271, Peppermint Grove Beach, WA",Brian Murphy,062764,11626085,Commonwealth Bank of Australia,Brian.Murphy@paypal.com,,,Completed,523.05,47.55
256309,2,"822, Galiwinku, NT",58082989,12-03-2023,14-03-2023,174,26.1,78.51,27.86,306.46,86378,30 468 387 660,,12-06-1951,+61443149535,example@gmail.com,1,Australia,"4415, Kowguran, QLD",Anne Haas,062957,14489615,Commonwealth Bank of Australia,Anne.Haas@paypal.com,,,Completed,306.46,27.86
906633,6,"4829, Warenda, QLD",19383434,10-04-2023,16-04-2023,618,92.7,147.13,85.78,943.58,05994,,239227243,25-12-1946,+61493664252,example@gmail.com,3,Australia,"3756, Hidden Valley, VIC",Jeremiah Vasquez,062939,14406040,Commonwealth Bank of Australia,Jeremiah.Vasquez@paypal.com,,,Completed,943.58,85.78
552762,4,"7030, Arthurs Lake, TAS",69644380,12-01-2023,26-01-2023,1666,249.9,205.18,212.11,2333.21,68662,86 773 528 670,,12-04-1984,+61467873076,example@gmail.com,10,Australia,"4670, Meadowvale, QLD",Danette Goodermote,062204,12441096,Commonwealth Bank of Australia,Danette.Goodermote@paypal.com,,,Completed,2333.21,212.11
938781,6,"6280, Yoongarillup, WA",65282752,15-04-2023,19-04-2023,580,87.0,274.3,94.13,1035.43,96733,93 486 529 252,,27-05-1994,+61495046332,example@gmail.com,6,Australia,"4385, Beebo, QLD",Debra Kerr,062137,18646621,Commonwealth Bank of Australia,495046332@paypal.com,,,Completed,1035.43,94.13
399696,3,"9464, Northgate Mc, QLD",47084682,26-06-2023,11-07-2023,2310,346.5,252.97,290.95,3200.45,90136,,988419031,07-11-1944,+61458512109,example@gmail.com,0,Australia,"3649, Katamatite, VIC",Todd Tucker,062500,13572529,Commonwealth Bank of Australia,458512109@paypal.com,,,Cancelled,0.0,0.0
478331,8,"3971, Hiawatha, VIC",81196810,13-05-2023,28-05-2023,2370,355.5,284.29,300.98,3310.78,73659,48 141 644 821,,23-08-1942,+61454057307,example@gmail.com,9,Australia,"2450, Brooklana, NSW",Walter Yang,062106,14052134,Commonwealth Bank of Australia,Walter.Yang@paypal.com,,,Completed,3310.78,300.98
961875,8,"2546, Wallaga Lake, NSW",99655446,30-03-2023,14-04-2023,2385,357.75,161.74,290.45,3194.95,73490,21 647 783 983,,31-07-1973,+61427418743,example@gmail.com,3,New Zealand,"Auckland, NZ",James Fowler,,,ANZ Bank,,AU,CTBAAU2S,Completed,3194.95,290.45
747889,5,"3589, Woorinen, VIC",85222076,15-03-2023,19-03-2023,492,73.8,108.72,67.45,741.95,99180,68 309 398 871,,03-02-1953,+61422423402,example@gmail.com,9,Australia,"4212, Helensvale Town Centre, QLD",Penney Joyner,062181,19269005,Commonwealth Bank of Australia,Penney.Joyner@paypal.com,,,Refunded,0.0,0.0
945761,6,"3265, Kolora, VIC",17598643,04-04-2023,19-04-2023,1275,191.25,93.52,155.98,1715.78,48566,41 760 452 357,,30-05-1942,+61479640368,example@gmail.com,2,Australia,"1826, Lidcombe, NSW",Wendy Moore,062596,19189880,Commonwealth Bank of Australia,479640368@paypal.com,,,Completed,1715.78,155.98
115151,5,"2251, Copacabana, NSW",52079072,24-06-2023,06-07-2023,576,86.4,80.92,74.33,817.63,33361,11 450 739 700,,31-12-1946,+61482946743,example@gmail.com,2,Australia,"5340, Pike River, SA",Joan Fox,062731,15454294,Commonwealth Bank of Australia,Joan.Fox@paypal.com,,,Completed,817.63,74.33
758616,7,"2831, Carinda, NSW",21068681,20-02-2023,23-02-2023,279,41.85,88.64,40.95,450.45,63434,87 417 596 113,,09-10-1956,+61428537901,example@gmail.com,4,Australia,"3477, Tottington, VIC",Thomas Drey,062625,14203476,Commonwealth Bank of Australia,428537901@paypal.com,,,Completed,450.45,40.95
191115,2,"3723, Mountain Bay, VIC",26240843,19-01-2023,24-01-2023,645,96.75,155.85,89.76,987.36,04961,32 126 306 664,,05-09-1992,+61480762652,example@gmail.com,4,Australia,"2250, Erina, NSW",Eddie Apo,062553,18818269,Commonwealth Bank of Australia,480762652@paypal.com,,,Completed,987.36,89.76
417986,7,"3049, Westmeadows, VIC",44217730,26-06-2023,07-07-2023,1408,211.2,192.7,181.19,1993.09,34285,74 628 512 133,,09-10-1972,+61441500502,example@gmail.com,1,Australia,"2261, Killarney Vale, NSW",Marian Yamakawa,062765,14165404,Commonwealth Bank of Australia,Marian.Yamakawa@paypal.com,,,Completed,1993.09,181.19
994058,6,"3189, Moorabbin, VIC",11056331,22-06-2023,04-07-2023,1020,153.0,91.69,126.47,1391.17,22420,66 409 843 596,,06-05-1958,+61461658097,example@gmail.com,3,New Zealand,"Auckland, NZ",Peter Cox,,,ANZ Bank,,AU,CTBAAU2S,Completed,1391.17,126.47
716307,6,"6503, Ginginup, WA",59313838,09-04-2023,23-04-2023,1246,186.9,118.44,155.13,1706.43,89554,47 385 325 770,,10-02-1982,+61454053629,example@gmail.com,4,Australia,"2460, Stockyard Creek, NSW",Linda Holley,062607,11145411,Commonwealth Bank of Australia,454053629@paypal.com,,,Completed,1706.43,155.13
114271,5,"2428, Wallis Lake, NSW",53164130,20-05-2023,21-05-2023,74,11.1,143.18,22.83,251.13,09955,16 968 903 970,,07-04-1981,+61412401325,example@gmail.com,4,Australia,"3305, Gorae West, VIC",Jessica Ragan,062588,11887276,Commonwealth Bank of Australia,Jessica.Ragan@paypal.com,,,Completed,251.13,22.83
221550,6,"2480, Federal, NSW",56996372,27-04-2023,01-05-2023,328,49.2,127.45,50.47,555.17,54723,81 866 575 347,,09-05-1946,+61495607816,example@gmail.com,9,Australia,"2370, Reddestone, NSW",Evelyn Shadwick,062247,14233897,Commonwealth Bank of Australia,Evelyn.Shadwick@paypal.com,,,Completed,555.17,50.47
912673,7,"828, Berrimah, NT",23244389,13-02-2023,19-02-2023,780,117.0,221.87,111.89,1230.79,41118,,668844796,26-08-1981,+61422063728,example@gmail.com,8,Australia,"7252, Dilston, TAS",Andreas Stewart,062466,19218450,Commonwealth Bank of Australia,422063728@paypal.com,,,Completed,1230.79,111.89
061208,4,"5320, Eba, SA",49500302,16-04-2023,29-04-2023,2028,304.2,149.83,248.2,2730.2,09584,24 279 153 230,,15-01-1984,+61487178803,example@gmail.com,8,New Zealand,"Auckland, NZ",Barbara Wray,,,ANZ Bank,,AU,CTBAAU2S,Refunded,0.0,0.0
149931,8,"2622, Neringla, NSW",80746895,18-01-2023,31-01-2023,923,138.45,135.6,119.7,1316.7,30234,54 459 537 196,,17-01-1943,+61484327143,example@gmail.com,10,New Zealand,"Auckland, NZ",Paul Morris,,,ANZ Bank,,AU,CTBAAU2S,Completed,1316.7,119.7
548113,8,"870, Ilparpa, NT",15056985,14-05-2023,23-05-2023,1431,214.65,217.37,186.3,2049.3,61676,56 224 711 221,,24-02-1962,+61483277641,example@gmail.com,3,New Zealand,"Auckland, NZ",Richard Walker,,,ANZ Bank,,AU,CTBAAU2S,Cancelled,0.0,0.0
553051,4,"4702, Bushley, QLD",87168016,14-02-2023,25-02-2023,1595,239.25,241.83,207.61,2283.71,34183,,491325886,20-09-1978,+61444224278,example@gmail.com,1,Australia,"5238, Wongulla, SA",Samuel Franklin,062365,15683701,Commonwealth Bank of Australia,444224278@paypal.com,,,Completed,2283.71,207.61
727155,3,"4373, Killarney, QLD",43991649,24-05-2023,03-06-2023,810,121.5,76.91,100.84,1109.24,28375,19 487 766 599,,01-03-1981,+61493377672,example@gmail.com,9,Australia,"7171, Penna, TAS",Belinda Turner,062808,16332725,Commonwealth Bank of Australia,493377672@paypal.com,,,Completed,1109.24,100.84
525603,3,"5860, Adelaide Mail Centre, SA",67992712,01-04-2023,10-04-2023,576,86.4,79.17,74.16,815.76,16446,26 936 682 739,,17-06-1949,+61497343217,example@gmail.com,9,Australia,"5259, Narrung, SA",Raul Ray,062619,14796560,Commonwealth Bank of Australia,497343217@paypal.com,,,Completed,815.76,74.16
423976,4,"4106, Rocklea, QLD",87876400,15-03-2023,20-03-2023,705,105.75,241.1,105.19,1157.09,61773,89 208 796 616,,17-06-1983,+61486867842,example@gmail.com,4,Australia,"3951, Kardella, VIC",Virginia Condict,062884,18075463,Commonwealth Bank of Australia,,,,Completed,1157.09,105.19
296765,3,"4850, Long Pocket, QLD",84349945,10-01-2023,14-01-2023,584,87.6,121.19,79.28,872.08,99431,64 779 172 450,,23-10-1947,+61426514579,example@gmail.com,0,Australia,"1313, Eastern Suburbs Mc, NSW",Betty Bentley,062643,17297928,Commonwealth Bank of Australia,Betty.Bentley@paypal.com,,,Completed,872.08,79.28
443857,7,"4580, Tin Can Bay, QLD",87513417,17-04-2023,29-04-2023,1488,223.2,123.54,183.47,2018.17,95425,54 867 787 387,,26-05-1974,+61434831462,example@gmail.com,8,Australia,"2425, The Branch, NSW",William Sampson,062416,12399609,Commonwealth Bank of Australia,William.Sampson@paypal.com,,,Completed,2018.17,183.47
442492,7,"4031, Gordon Park, QLD",56535791,13-02-2023,23-02-2023,1370,205.5,213.49,178.9,1967.9,94243,19 746 825 866,,31-05-1953,+61425257935,example@gmail.com,0,Australia,"2660, Culcairn, NSW",Jeremy Ross,062147,12189170,Commonwealth Bank of Australia,,,,Completed,1967.9,178.9
283788,8,"7022, South Arm, TAS",40236937,07-01-2023,19-01-2023,1728,259.2,161.49,214.87,2363.57,85930,13 622 754 505,,06-01-1968,+61497485872,example@gmail.com,0,Australia,"7140, Lawitta, TAS",Jessica Mckinney,062887,16394802,Commonwealth Bank of Australia,,,,Completed,2363.57,214.87
637453,7,"3629, Ardmona, VIC",56575547,12-04-2023,23-04-2023,1441,216.15,259.2,191.64,2108.04,29835,,812665881,01-10-1979,+61429405600,example@gmail.com,5,New Zealand,"Auckland, NZ",Pedro Yeager,,,ANZ Bank,,AU,CTBAAU2S,Completed,2108.04,191.64
861783,8,"2650, Springvale, NSW",70291079,18-06-2023,29-06-2023,1463,219.45,224.76,190.72,2097.92,65580,59 549 252 251,,12-05-1944,+61496330681,example@gmail.com,1,New Zealand,"Auckland, NZ",Michael Olson,,,ANZ Bank,,AU,CTBAAU2S,Completed,2097.92,190.72
494482,2,"3579, Macorna, VIC",26047030,29-01-2023,10-02-2023,540,81.0,89.19,71.02,781.22,12307,32 637 550 420,,14-08-1952,+61441787967,example@gmail.com,4,Australia,"3921, Tankerton, VIC",Judy Abron,062408,13289877,Commonwealth Bank of Australia,441787967@paypal.com,,,Completed,781.22,71.02
922736,4,"4702, Jardine, QLD",27384249,13-01-2023,26-01-2023,1222,183.3,85.17,149.05,1639.55,83960,42 406 829 116,,25-06-1955,+61420720802,example@gmail.com,10,Australia,"2538, Mogood, NSW",Anna Keys,062949,14968531,Commonwealth Bank of Australia,Anna.Keys@paypal.com,,,Completed,1639.55,149.05
988755,2,"6521, Grey, WA",80924311,07-04-2023,15-04-2023,1272,190.8,233.73,169.65,1866.15,99858,22 119 639 471,,26-02-1995,+61478059403,example@gmail.com,9,New Zealand,"Auckland, NZ",Lester Biermann,,,ANZ Bank,,AU,CTBAAU2S,Completed,1866.15,169.65
653516,8,"4357, Bulli Creek, QLD",74655137,09-06-2023,19-06-2023,1170,175.5,201.62,154.71,1701.81,95745,10 664 891 870,,16-08-1945,+61482580513,example@gmail.com,10,Australia,"4660, Eureka, QLD",Rosie Weisman,062608,13217077,Commonwealth Bank of Australia,482580513@paypal.com,,,Completed,1701.81,154.71
836255,7,"3730, Bundalong, VIC",20526894,23-01-2023,26-01-2023,294,44.1,133.76,47.19,519.09,87557,16 148 206 297,,22-11-1997,+61498775916,example@gmail.com,10,New Zealand,"Auckland, NZ",James Morrison,,,ANZ Bank,,AU,CTBAAU2S,Completed,519.09,47.19
489314,7,"2425, Washpool, NSW",49681871,29-03-2023,13-04-2023,1785,267.75,134.21,218.7,2405.7,61292,46 340 777 114,,18-07-1952,+61431102324,example@gmail.com,1,Australia,"8390, Melbourne, VIC",Michael Clifford,062803,13133380,Commonwealth Bank of Australia,Michael.Clifford@paypal.com,,,Completed,2405.7,218.7
933818,7,"6939, Tuart Hill, WA",89653282,27-02-2023,01-03-2023,214,32.1,161.7,40.78,448.58,35658,20 441 866 369,,02-08-1965,+61463095890,example@gmail.com,6,New Zealand,"Auckland, NZ",Mike Macgregor,,,ANZ Bank,,AU,CTBAAU2S,Completed,448.58,40.78
815089,8,"6333, Nornalup, WA",15381326,03-06-2023,08-06-2023,310,46.5,77.0,43.35,476.85,21659,71 481 317 201,,11-07-1966,+61445625727,example@gmail.com,1,Australia,"4655, Dundowran, QLD",Edward Hussey,062393,18549525,Commonwealth Bank of Australia,445625727@paypal.com,,,Partially Refunded,335.39,30.49
099378,6,"2474, Wiangaree, NSW",83714030,15-06-2023,24-06-2023,1053,157.95,197.68,140.86,1549.46,63668,10 712 870 883,,01-03-1949,+61462599402,example@gmail.com,8,New Zealand,"Auckland, NZ",Angela Tucker,,,ANZ Bank,,AU,CTBAAU2S,Completed,1549.46,140.86
927594,3,"6473, North Wialki, WA",36474304,12-06-2023,18-06-2023,954,143.1,312.11,140.92,1550.12,64504,98 172 466 514,,27-05-1961,+61454292421,example@gmail.com,6,Australia,"2609, Majura, ACT",Donald Johnson,062487,11969277,Commonwealth Bank of Australia,,,,Refunded,0.0,0.0
358146,7,"2365, Glencoe, NSW",17301297,20-02-2023,28-02-2023,616,92.4,134.74,84.31,927.41,12212,65 428 746 724,,04-03-1941,+61499107214,example@gmail.com,8,Australia,"3783, Gembrook, VIC",Craig Rhoades,062920,17573874,Commonwealth Bank of Australia,499107214@paypal.com,,,Completed,927.41,84.31
656913,5,"2262, Halekulani, NSW",80434345,26-02-2023,09-03-2023,748,112.2,125.89,98.61,1084.71,68443,76 425 418 182,,14-03-1953,+61429095694,example@gmail.com,8,Australia,"4678, Bororen, QLD",Monica Fisher,062434,18893727,Commonwealth Bank of Australia,Monica.Fisher@paypal.com,,,Completed,1084.71,98.61
325150,5,"4873, Cow Bay, QLD",13941910,01-03-2023,07-03-2023,552,82.8,102.83,73.76,811.36,99163,80 239 126 748,,21-04-1951,+61470407935,example@gmail.com,7,New Zealand,"Auckland, NZ",Orville Deaton,,,ANZ Bank,,AU,CTBAAU2S,Completed,811.36,73.76
986076,2,"4701, Central Queensland University, QLD",58254561,03-06-2023,11-06-2023,872,130.8,148.61,115.14,1266.54,50901,47 323 446 532,,29-03-1998,+61491570719,example@gmail.com,10,Australia,"3660, Whiteheads Creek, VIC",Martin Fletcher,062988,15621156,Commonwealth Bank of Australia,491570719@paypal.com,,,Completed,1266.54,115.14
325170,5,"6921, Karrinyup, WA",95136710,15-02-2023,20-02-2023,575,86.25,149.01,81.03,891.33,54603,,499232622,16-10-1979,+61498283911,example@gmail.com,3,Australia,"7054, Neika, TAS",Daniel Bryant,062414,11846180,Commonwealth Bank of Australia,,,,Cancelled,0.0,0.0
256817,4,"2347, Red Hill, NSW",32533239,15-02-2023,24-02-2023,990,148.5,125.08,126.36,1389.96,88475,,780738492,21-08-1991,+61428396811,example@gmail.com,9,Australia,"3418, Glenlee, VIC",Alton Jackson,062673,12689529,Commonwealth Bank of Australia,428396811@paypal.com,,,Completed,1389.96,126.36
543494,7,"6111, Roleystone, WA",55051327,27-01-2023,29-01-2023,96,14.4,56.4,16.68,183.48,24500,51 153 955 269,,22-04-1941,+61459321067,example@gmail.com,8,Australia,"5381, Brady Creek, SA",Eric Friedman,062982,12743717,Commonwealth Bank of Australia,Eric.Friedman@paypal.com,,,Completed,183.48,16.68
728606,5,"2196, Punchbowl, NSW",45597817,12-03-2023,13-03-2023,111,16.65,167.17,29.48,324.28,23374,75 572 624 859,,13-11-1980,+61460813955,example@gmail.com,7,Australia,"3971, Hunterston, VIC",Marilyn Smith,062206,17659735,Commonwealth Bank of Australia,460813955@paypal.com,,,Completed,324.28,29.48
097213,4,"4059, Red Hill, QLD",72568543,18-02-2023,19-02-2023,73,10.95,95.27,17.92,197.12,73818,,938775863,25-10-1979,+61477942659,example@gmail.com,7,Australia,"3874, Woodside North, VIC",Philip Bennett,062319,19401181,Commonwealth Bank of Australia,Philip.Bennett@paypal.com,,,Completed,197.12,17.92
713399,6,"820, Stuart Park, NT",50665623,28-03-2023,05-04-2023,1104,165.6,123.83,139.34,1532.74,80511,,128733795,14-06-1972,+61468003401,example@gmail.com,0,Australia,"5171, Mclaren Flat, SA",Jeffrey Shafer,062763,13343236,Commonwealth Bank of Australia,468003401@paypal.com,,,Completed,1532.74,139.34
123917,5,"3463, Baringhup, VIC",20951324,01-03-2023,04-03-2023,459,68.85,207.79,73.56,809.16,94971,50 665 946 956,,09-01-1949,+61419021135,example@gmail.com,10,Australia,"3723, Woods Point, VIC",Kristina Abell,062912,19587390,Commonwealth Bank of Australia,Kristina.Abell@paypal.com,,,Completed,809.16,73.56
286497,2,"6970, Canning Vale Dc, WA",99228877,23-02-2023,07-03-2023,1392,208.8,153.98,175.48,1930.28,53216,67 219 753 262,,20-06-1970,+61429216946,example@gmail.com,2,Australia,"2372, Sandy Hill, NSW",Sachiko Nathan,062722,19702737,Commonwealth Bank of Australia,429216946@paypal.com,,,Completed,1930.28,175.48
103360,8,"852, Numbulwar, NT",73877036,29-06-2023,04-07-2023,320,48.0,67.37,43.54,478.94,34520,21 101 958 932,,14-06-1953,+61420142980,example@gmail.com,4,Australia,"3717, Flowerdale, VIC",Kenneth Castillo,062319,14105673,Commonwealth Bank of Australia,Kenneth.Castillo@paypal.com,,,Completed,478.94,43.54
089253,4,"2795, Millah Murrah, NSW",96767485,02-05-2023,14-05-2023,1416,212.4,231.41,185.98,2045.78,51582,30 511 436 608,,27-02-1952,+61411675217,example@gmail.com,3,Australia,"2631, Jincumbilly, NSW",Shirley Sult,062647,11391441,Commonwealth Bank of Australia,Shirley.Sult@paypal.com,,,Completed,2045.78,185.98
743932,5,"4570, Tamaree, QLD",55489536,24-04-2023,02-05-2023,640,96.0,86.06,82.21,904.31,46727,,192908856,08-12-1951,+61477851243,example@gmail.com,9,Australia,"4401, Silverleigh, QLD",Vilma Thornburg,062869,16103634,Commonwealth Bank of Australia,477851243@paypal.com,,,Completed,904.31,82.21
718946,2,"3585, Fish Point, VIC",35118970,03-05-2023,08-05-2023,440,66.0,175.6,68.16,749.76,38917,45 260 785 723,,29-01-1950,+61440487208,example@gmail.com,5,Australia,"7215, Upper Scamander, TAS",Maris Hernandez,062915,18639846,Commonwealth Bank of Australia,440487208@paypal.com,,,Partially Refunded,476.08,43.28
882596,3,"2361, Pindaroi, NSW",69766109,29-03-2023,13-04-2023,885,132.75,60.06,107.78,1185.58,34705,16 365 271 920,,22-04-1989,+61449901097,example@gmail.com,5,Australia,"4610, Inverlaw, QLD",Larry Shank,062176,12929315,Commonwealth Bank of Australia,449901097@paypal.com,,,Completed,1185.58,107.78
051575,4,"2333, Kayuga, NSW",51797371,16-02-2023,27-02-2023,737,110.55,65.33,91.29,1004.19,23322,73 860 783 843,,19-12-1955,+61474674149,example@gmail.com,5,Australia,"7252, Mount Direction, TAS",Juanita Clynes,062416,19398435,Commonwealth Bank of Australia,474674149@paypal.com,,,Completed,1004.19,91.29
713640,8,"4650, St Mary, QLD",37051809,03-06-2023,09-06-2023,558,83.7,142.67,78.44,862.84,37607,71 587 879 588,,19-12-1983,+61477544148,example@gmail.com,6,Australia,"2324, Carrington, NSW",Matthew Velez,062225,18627394,Commonwealth Bank of Australia,Matthew.Velez@paypal.com,,,Partially Refunded,603.02,54.82
853805,8,"2002, World Square, NSW",74286133,08-05-2023,09-05-2023,120,18.0,168.26,30.63,336.93,15885,81 908 189 229,,26-05-1941,+61462954918,example@gmail.com,2,Australia,"5113, Elizabeth Park, SA",Jason Loftis,062455,12959806,Commonwealth Bank of Australia,,,,Completed,336.93,30.63
779189,8,"4677, Captain Creek, QLD",54141501,27-01-2023,09-02-2023,1573,235.95,151.19,196.01,2156.11,80976,,237145068,24-07-1999,+61454569557,example@gmail.com,0,New Zealand,"Auckland, NZ",Bernard Calbert,,,ANZ Bank,,AU,CTBAAU2S,Completed,2156.11,196.01
182422,7,"7215, Bicheno, TAS",55767861,31-05-2023,05-06-2023,300,45.0,97.37,44.24,486.64,94772,27 435 382 728,,20-06-1943,+61457468083,example@gmail.com,8,New Zealand,"Auckland, NZ",Jay Roberts,,,ANZ Bank,,AU,CTBAAU2S,Refunded,0.0,0.0
811890,7,"3875, Lindenow South, VIC",41841977,22-01-2023,27-01-2023,295,44.25,98.59,43.78,481.58,20497,32 260 787 913,,28-09-1993,+61461591907,example@gmail.com,9,Australia,"3304, Homerton, VIC",Robert Moller,062398,14203007,Commonwealth Bank of Australia,461591907@paypal.com,,,Cancelled,0.0,0.0
725544,2,"5608, Whyalla Norrie, SA",24531011,03-03-2023,07-03-2023,200,30.0,75.19,30.52,335.72,14687,36 221 132 544,,24-09-1992,+61449720744,example@gmail.com,2,Australia,"3953, Leongatha North, VIC",Paul Warner,062216,14701363,Commonwealth Bank of Australia,Paul.Warner@paypal.com,,,Completed,335.72,30.52
422715,6,"3590, Beverford, VIC",19976541,02-02-2023,05-02-2023,315,47.25,176.38,53.86,592.46,04287,47 961 415 711,,08-09-1968,+61489100997,example@gmail.com,0,Australia,"2750, South Penrith, NSW",Steven Hannahs,062748,15871762,Commonwealth Bank of Australia,Steven.Hannahs@paypal.com,,,Completed,592.46,53.86
042607,8,"4468, Clara Creek, QLD",37676354,09-02-2023,24-02-2023,1980,297.0,154.98,243.2,2675.2,48469,30 540 639 296,,05-01-1953,+61432494689,example@gmail.com,6,Australia,"5573, Balgowan, SA",Carlos Mccullough,062313,12477875,Commonwealth Bank of Australia,Carlos.Mccullough@paypal.com,,,Completed,2675.2,243.2
